timestamp,open,high,low,close,volume
2021-12-09,50454.79,50786.92,47327.94,47564.26,3403568.299
2021-12-10,47563.32,50037.68,46910.0,47169.17,3184870.689
2021-12-11,47173.33,49690.0,46805.1,49313.29,2125829.39
2021-12-12,49314.29,50757.84,40186.21,50076.89,1770492.654
2021-12-13,50073.9,50182.94,42526.85,46671.84,2742715.322
2021-12-14,46672.77,48644.81,46314.01,48361.16,3176523.609
2021-12-15,48359.96,49477.83,46539.41,48861.36,2847440.662
2021-12-16,48859.08,49418.61,47533.6,47625.55,2168409.122
2021-12-17,47626.51,54000.0,41006.51,46156.18,2453179.252
2021-12-18,46156.97,47308.89,45510.19,46833.63,2094936.691
2021-12-19,46833.63,48256.89,46402.36,46682.8,2252926.179
2021-12-20,46684.11,48277.32,45568.83,46881.1,3306424.096
2021-12-21,46889.78,49310.7,46200.09,48894.77,2537490.229
2021-12-22,48893.39,49540.34,48444.43,48595.94,2278248.602
2021-12-23,48595.93,51500.0,48043.33,50766.97,1859324.052
2021-12-24,50764.97,61348.81,45225.78,50781.09,2042115.203
2021-12-25,50783.05,51117.7,50193.66,50463.79,1213788.971
2021-12-26,50463.79,53033.5,45134.89,50762.52,1338793.92
2021-12-27,50764.01,52066.93,50447.1,50685.25,2295224.261
2021-12-28,50681.9,50819.11,47320.76,47540.03,2766031.362
2021-12-29,47536.75,48132.98,46101.59,46471.75,2730677.66
2021-12-30,46470.6,47903.8,45979.8,47124.67,2149346.73
2021-12-31,47122.07,48551.78,45677.5,46223.93,2492800.554
2022-01-01,46221.98,47910.31,46109.79,47749.49,1175450.276
2022-01-02,47750.44,49695.57,46670.4,47294.12,1853122.294
2022-01-03,47294.13,47554.99,45741.79,46434.11,1618351.999
2022-01-04,46434.21,52489.04,45577.75,45871.05,1955933.632
2022-01-05,45870.12,50827.35,42464.13,43408.83,2702478.914
2022-01-06,43407.51,43767.87,42434.73,43089.59,3216221.915
2022-01-07,43089.43,43140.37,40624.81,41804.66,3083129.516
2022-01-08,41803.81,46700.0,40550.01,41672.13,3072546.728
2022-01-09,41680.03,42778.67,41255.48,41852.44,2648366.241
2022-01-10,41852.59,54748.5,28000.0,41839.4,685204.429
2022-01-11,41835.1,53605.6,30000.0,45085.0,248537.754
2022-01-12,45944.5,55676.7,30000.0,43892.7,219605.601
2022-01-13,43904.0,56537.1,29774.4,42596.9,212657.825
2022-01-14,42561.1,55347.4,29760.0,43063.0,213500.907
2022-01-15,43063.5,55764.5,30218.3,43081.0,189894.9
2022-01-16,43076.5,56136.6,30186.1,43070.2,190167.382
2022-01-17,43066.5,55427.1,30000.0,42180.0,228122.335
2022-01-18,42208.0,54686.0,32000.0,42374.3,233906.465
2022-01-19,42374.3,54562.5,29902.4,41652.2,232629.684
2022-01-20,41659.0,54320.0,29520.3,40710.5,230678.494
2022-01-21,40710.5,52033.2,27185.0,36479.5,299116.151
2022-01-22,36477.3,44600.0,26878.8,35058.8,326500.412
2022-01-23,35425.0,40500.0,29419.4,36262.2,274166.122
2022-01-24,36265.1,42513.5,31000.0,36694.4,330857.411
2022-01-25,36684.7,42438.8,30000.0,36937.9,309294.21
2022-01-26,36947.4,45387.3,32000.0,36793.3,283785.313
2022-01-27,36793.3,47724.8,30000.0,37159.1,298995.458
2022-01-28,37174.5,45000.0,30000.0,37737.7,281375.871
2022-01-29,37754.8,44000.0,32622.0,38143.2,225911.303
2022-01-30,38143.2,43000.0,33000.0,37906.4,207433.143
2022-01-31,37875.8,48758.5,30773.0,38463.5,236032.517
2022-02-01,38464.4,46804.0,27961.3,38701.7,254965.451
2022-02-02,38701.7,46826.7,32100.0,36917.5,231314.938
2022-02-03,36868.0,44558.5,30000.0,37278.0,253186.493
2022-02-04,37278.0,47805.3,32500.0,41553.8,242570.52
2022-02-05,41555.3,44500.0,34649.3,41392.5,212604.688
2022-02-06,41393.2,47000.0,35849.5,42401.5,189316.38
2022-02-07,42377.7,49325.4,36277.7,43840.7,239069.452
2022-02-08,43835.7,49794.6,30986.7,44029.0,256842.845
2022-02-09,44035.4,57295.4,31086.7,44382.3,248925.568
2022-02-10,44362.5,56834.4,31605.9,43493.9,253268.09
2022-02-11,43482.6,55680.0,30597.4,42384.0,251814.511
2022-02-12,42384.0,54354.8,30082.4,42209.0,215748.541
2022-02-13,42223.8,54925.0,29932.0,42059.6,197350.088
2022-02-14,42066.2,54141.0,29210.0,42551.9,235127.433
2022-02-15,42534.4,52500.0,39177.8,44543.4,221820.539
2022-02-16,44543.4,46005.5,39854.4,43877.0,213752.242
2022-02-17,43892.2,48277.3,36000.0,40528.1,254941.852
2022-02-18,40512.7,44223.4,31239.1,40407.8,231708.737
2022-02-19,40424.0,51815.8,28000.0,40079.6,176568.291
2022-02-20,40094.3,46870.0,32612.6,38361.1,229857.895
2022-02-21,38361.1,48836.9,32500.0,37007.9,274048.139
2022-02-22,37007.9,45000.0,34023.0,38236.3,274611.769
2022-02-23,38238.2,41359.2,28000.0,37241.8,257575.318
2022-02-24,37241.8,44369.0,27664.0,38323.6,311378.056
2022-02-25,38323.6,40000.0,28000.0,39212.9,288761.208
2022-02-26,39216.8,50000.0,31852.8,39118.9,225702.774
2022-02-27,39118.9,48930.0,26800.2,37689.1,230505.857
2022-02-28,37699.7,46448.9,33186.5,43150.3,271606.645
2022-03-01,43184.2,48960.0,39000.0,44414.7,272799.303
2022-03-02,44421.4,46000.0,36000.0,43906.6,272258.059
2022-03-03,43907.8,52520.9,30000.0,42462.2,238939.911
2022-03-04,42454.5,48588.9,32000.0,39136.4,288448.345
2022-03-05,39136.4,45285.4,34819.2,39392.6,226991.171
2022-03-06,39391.6,47999.0,32800.0,38415.7,242745.627
2022-03-07,38419.9,45285.4,29847.0,38026.4,286670.107
2022-03-08,38002.3,50000.0,35208.9,38735.7,291964.901
2022-03-09,38735.2,55000.0,35124.3,41951.0,259533.782
2022-03-10,41955.8,46556.6,33013.1,39424.0,278770.302
2022-03-11,39424.0,48751.2,28481.8,38730.4,277075.053
2022-03-12,38734.4,48000.0,31000.0,38803.0,200969.07
2022-03-13,38803.0,50000.0,27649.0,37773.5,199737.52
2022-03-14,37771.6,46177.9,26693.3,39668.1,241083.308
2022-03-15,39668.1,50085.1,28591.7,39295.8,224262.052
2022-03-16,39286.2,53122.2,27892.7,41119.2,238345.168
2022-03-17,41119.2,50000.0,31000.1,40914.0,205264.978
2022-03-18,40910.0,50000.0,29426.9,41789.6,201552.112
2022-03-19,41772.5,51232.9,32000.0,42209.2,173947.854
2022-03-20,42199.3,54300.9,32871.8,41260.6,183923.845
2022-03-21,41263.2,50666.7,29850.4,41004.5,208610.217
2022-03-22,41008.4,55467.4,30000.0,42366.7,205542.785
2022-03-23,42366.7,55425.4,29409.1,42901.9,189813.665
2022-03-24,42889.7,55553.5,30000.0,43995.1,196394.239
2022-03-25,44000.4,54122.7,31159.4,44316.6,196446.604
2022-03-26,44316.6,53600.0,33000.0,44520.3,145456.107
2022-03-27,44524.1,55101.7,31652.3,46846.0,156129.411
2022-03-28,46833.1,57539.7,33188.5,47100.5,185356.127
2022-03-29,47102.8,62000.0,33638.3,47423.8,164780.088
2022-03-30,47423.8,55000.0,41660.2,47058.8,175694.505
2022-03-31,47058.8,55000.0,43000.0,45529.9,183890.658
2022-04-01,45529.9,52000.0,43000.0,46285.3,206280.743
2022-04-02,46285.3,51500.0,43500.1,45801.1,188378.888
2022-04-03,45796.4,60000.0,43100.0,46407.4,169662.035
2022-04-04,46407.4,50574.1,43244.4,46601.3,201199.103
2022-04-05,46604.1,50400.0,32000.0,45501.1,185932.649
2022-04-06,45501.1,49000.0,35500.0,43180.7,224604.35
2022-04-07,43175.3,46800.0,41500.1,43460.0,211809.694
2022-04-08,43460.0,44649.9,41700.1,42284.8,204844.667
2022-04-09,42255.9,43900.0,41750.0,42763.6,137710.818
2022-04-10,42746.4,43681.8,41400.0,42171.8,148610.805
2022-04-11,42149.6,43200.0,35000.0,39528.0,223061.242
2022-04-12,39528.0,41880.4,38800.1,40060.6,212207.257
2022-04-13,40060.6,42011.0,39100.0,41140.0,196252.693
2022-04-14,41137.2,42000.0,38900.0,39925.3,175719.447
2022-04-15,39925.3,41000.0,39100.0,40557.3,151960.838
2022-04-16,40553.3,41196.9,39720.0,40371.4,132020.184
2022-04-17,40378.7,41119.9,39500.0,39688.8,141058.441
2022-04-18,39685.6,41488.9,38500.0,40798.9,203336.331
2022-04-19,40795.2,41998.9,39521.8,41493.2,184000.581
2022-04-20,41485.0,42499.9,40531.0,41352.8,188502.116
2022-04-21,41350.9,43800.0,39511.1,40492.9,218793.825
2022-04-22,40492.9,42697.5,39115.5,39713.3,218185.45
2022-04-23,39713.3,40493.7,39000.1,39434.3,151646.444
2022-04-24,39434.3,40493.5,39008.6,39470.9,165071.018
2022-04-25,39448.0,41199.9,38000.1,40422.4,240629.436
2022-04-26,40422.4,41199.9,37600.0,38123.0,223745.693
2022-04-27,38117.3,39500.0,37620.0,39230.3,238368.99
2022-04-28,39249.0,41995.1,37700.1,39745.2,220333.179
2022-04-29,39745.2,41550.0,37950.8,38584.9,224153.994
2022-04-30,38602.7,39399.6,37327.2,37674.3,170327.166
2022-05-01,37674.3,39399.6,37299.0,38474.2,204250.978
2022-05-02,38489.1,39408.6,37850.0,38529.6,229759.885
2022-05-03,38524.2,39079.9,37004.6,37727.8,189891.128
2022-05-04,37730.7,41399.9,37486.6,39686.3,207634.82
2022-05-05,39688.6,41399.9,35017.4,36544.3,244268.681
2022-05-06,36553.0,37419.9,35100.0,36011.6,251883.438
2022-05-07,36019.2,37000.0,34717.4,35477.9,166025.31
2022-05-08,35466.4,36606.7,33300.0,34037.4,260607.564
2022-05-09,34040.8,35344.9,29500.0,30662.2,338400.208
2022-05-10,30601.7,32899.9,29000.0,31021.1,373235.248
2022-05-11,31005.3,41000.0,20120.0,35150.0,88050.8
2022-05-12,29133.7,39044.1,25000.0,30325.7,4201.861
2022-05-13,29085.5,39999.9,20120.0,29289.8,35202.683
2022-05-14,29288.5,35600.0,24211.0,30088.8,137617.489
2022-05-15,30084.3,35600.0,26000.0,31326.9,129768.468
2022-05-16,31329.9,33900.0,28000.0,29874.9,163100.039
2022-05-17,29874.9,31999.8,28200.0,30451.0,173375.989
2022-05-18,30451.0,35999.0,27000.0,28694.0,215475.431
2022-05-19,28694.0,34498.9,27000.0,30318.8,222420.217
2022-05-20,30316.5,31499.9,28620.0,29450.0,169222.562
2022-05-21,29995.9,30000.0,28800.0,29442.9,130791.44
2022-05-22,29446.8,33999.9,27000.1,30295.2,143102.476
2022-05-23,30295.2,30998.9,28700.0,29106.2,203683.02
2022-05-24,29106.2,30000.0,27000.0,29652.8,133201.063
2022-05-25,29654.0,30899.9,28000.0,29543.3,129122.034
2022-05-26,29544.6,33999.9,25000.0,29228.1,144492.0
2022-05-27,29262.4,29930.0,27777.7,28620.9,141059.566
2022-05-28,28624.9,30999.9,28257.7,28760.1,113551.533
2022-05-29,28760.1,29799.9,28600.0,29476.2,109977.191
2022-05-30,29463.8,33000.0,28800.0,31743.6,137948.459
2022-05-31,31738.3,33000.0,29800.1,31797.6,124033.431
2022-06-01,31802.3,32950.4,28000.0,29790.7,127325.305
2022-06-02,29803.4,32750.0,28000.0,30453.1,110643.592
2022-06-03,30453.1,30862.2,28148.0,29700.6,116029.345
2022-06-04,29700.6,30709.8,28450.0,29872.5,104198.836
2022-06-05,29871.3,30476.8,28609.0,29912.5,102384.256
2022-06-06,29935.5,31999.9,29500.1,31363.3,140243.962
2022-06-07,31376.3,31949.9,25000.1,31131.5,118367.657
2022-06-08,31131.5,32999.9,28000.0,30216.6,138814.349
2022-06-09,30216.6,33000.0,27700.0,30125.0,103835.982
2022-06-10,30180.0,31300.0,27700.0,29088.3,118654.873
2022-06-11,29090.3,29770.2,28000.0,28360.1,131274.925
2022-06-12,28414.3,28699.9,25235.3,26617.6,146460.901
2022-06-13,26594.6,28000.0,20654.5,22490.0,200441.307
2022-06-14,22485.1,24551.8,20000.0,22086.1,241884.61
2022-06-15,22152.4,24208.8,19776.1,22584.2,210734.258
2022-06-16,22584.0,26091.4,20179.2,20393.7,181851.921
2022-06-17,20397.1,22104.0,20259.5,20467.4,210160.454
2022-06-18,20467.4,22167.5,17689.3,18995.1,207356.573
2022-06-19,18995.1,21000.0,17701.1,20579.6,211310.485
2022-06-20,20577.2,21102.7,19158.0,20573.4,242505.65
2022-06-21,20560.1,21758.0,20337.0,20740.0,181854.004
2022-06-22,20975.0,21285.4,19850.6,20434.2,141371.293
2022-06-23,20434.2,21208.9,18700.0,21100.8,167102.796
2022-06-24,21101.7,22000.0,20612.7,21260.0,150298.196
2022-06-25,21441.6,21700.0,20930.8,21488.6,134629.225
2022-06-26,21496.9,23852.8,21000.0,21043.0,129700.905
2022-06-27,21051.2,21800.0,20640.0,20731.1,114208.175
2022-06-28,20740.5,21500.0,20122.1,21150.0,122391.26
2022-06-29,21150.0,21250.0,19900.0,20594.0,104170.032
2022-06-30,20490.1,20700.0,18709.5,19490.0,171624.961
2022-07-01,19490.0,20578.9,18678.3,19309.8,143190.097
2022-07-02,19545.2,19700.0,19028.6,19350.0,123735.387
2022-07-03,19311.3,19598.0,19060.0,19317.8,117268.916
2022-07-04,19317.8,20500.0,19060.0,20233.7,132250.564
2022-07-05,20245.9,20893.6,19350.0,20100.0,156934.719
2022-07-06,20104.3,20893.6,19540.0,20559.5,174146.051
2022-07-07,20564.8,21838.8,20168.6,21100.0,120904.794
2022-07-08,21570.0,22158.0,20788.1,21420.0,29718.935
2022-07-09,21526.3,21999.9,20488.0,21450.4,8445.487
2022-07-10,21451.0,21542.4,19208.6,20450.0,10721.222
2022-07-11,20450.0,21277.5,20307.5,20483.2,8072.107
2022-07-12,20442.2,20499.0,19150.0,19332.4,116688.51
2022-07-13,19333.0,20550.0,18991.5,20248.8,158054.429
2022-07-14,20179.8,20700.0,19333.0,20590.1,145063.236
2022-07-15,20593.3,21400.0,20150.0,20834.7,160727.206
2022-07-16,20834.7,21800.0,20509.2,21209.0,153374.611
2022-07-17,21206.2,21788.0,20758.2,21090.1,148975.334
2022-07-18,21080.3,23420.0,20758.0,22484.2,177747.028
2022-07-19,22484.2,24000.0,21746.1,23405.9,181573.983
2022-07-20,23402.6,25108.2,22950.0,23419.6,130254.735
2022-07-21,23419.6,23898.0,22624.3,23662.4,107787.369
2022-07-22,23662.4,23985.0,22598.0,23479.0,118895.42
2022-07-23,23364.0,23800.0,22588.1,22904.0,102423.807
2022-07-24,22904.0,23788.0,22588.1,23400.0,101517.272
2022-07-25,23364.0,23569.0,21858.0,22644.0,100692.173
2022-07-26,22525.7,22876.9,21000.0,21724.0,108261.868
2022-07-27,21717.5,23332.0,21164.1,22951.5,104548.946
2022-07-28,22953.8,24400.0,22260.0,23849.5,161952.774
2022-07-29,23851.3,24150.0,23010.0,23751.8,146021.949
2022-07-30,23748.3,24651.7,23390.5,23636.0,127787.149
2022-07-31,23636.4,24399.9,23219.2,23300.9,161618.475
2022-08-01,23300.9,24377.0,22817.9,23260.7,103696.327
2022-08-02,23266.6,24187.0,22817.9,23564.0,93636.01
2022-08-03,23524.0,26154.1,22810.0,23844.0,94036.426
2022-08-04,23844.0,24301.0,22458.0,22621.1,114232.668
2022-08-05,22617.1,24198.0,22593.2,23305.7,110216.943
2022-08-06,23318.4,24000.0,22950.0,23019.1,108743.576
2022-08-07,23099.1,24000.0,22889.8,23184.2,105284.546
2022-08-08,23176.8,24200.0,20700.0,23816.4,133079.147
2022-08-09,23810.6,24556.0,23057.6,23808.0,120293.052
2022-08-10,23807.9,24062.4,23000.1,23750.0,117191.726
2022-08-11,23750.0,24964.6,23205.0,24499.9,132145.191
2022-08-12,24435.1,24549.0,23740.0,24399.3,117635.995
2022-08-13,24403.2,24883.6,24150.0,24429.3,131692.058
2022-08-14,24437.7,24949.0,24161.4,24332.6,125739.984
2022-08-15,24308.8,24948.0,23800.0,24697.0,115273.042
2022-08-16,24697.0,24699.9,23866.0,24150.0,98850.394
2022-08-17,24150.0,24699.0,23188.0,23700.0,105904.861
2022-08-18,23708.4,24662.0,23343.3,23851.2,101750.832
2022-08-19,23880.5,24119.0,20500.0,20841.1,159632.515
2022-08-20,20830.1,21500.0,20556.0,21143.7,155990.216
2022-08-21,21143.7,22150.0,20811.7,21517.6,123365.523
2022-08-22,21518.4,22148.0,20929.2,21401.4,142172.279
2022-08-23,21401.4,22164.1,20595.5,21519.3,155503.516
2022-08-24,21515.8,21999.0,21099.0,21470.0,154126.578
2022-08-25,21470.0,21998.9,21310.5,21562.8,126462.155
2022-08-26,21563.0,21900.0,19710.0,20230.0,154079.834
2022-08-27,20230.0,20610.0,19743.4,20000.0,129718.762
2022-08-28,19932.6,20596.3,19779.9,19949.2,116110.426
2022-08-29,19985.5,20283.9,19549.6,20002.0,112557.078
2022-08-30,20110.2,20543.6,19538.0,19803.1,124455.352
2022-08-31,19761.9,20498.5,19520.0,20045.6,120530.36
2022-09-01,20186.6,20421.4,19590.0,20124.2,122578.771
2022-09-02,20125.0,20419.9,19591.0,19965.8,109929.556
2022-09-03,19964.2,20298.0,19632.1,19834.2,104305.465
2022-09-04,19834.2,20288.4,19600.0,20067.8,104333.046
2022-09-05,20100.0,20499.0,19698.1,20048.3,107884.884
2022-09-06,20085.5,20350.0,18000.0,18790.1,132055.099
2022-09-07,18808.4,19490.0,18610.1,19281.0,130732.349
2022-09-08,19285.0,19482.0,19050.0,19315.5,144822.42
2022-09-09,19315.5,21400.0,19110.0,21299.0,110575.511
2022-09-10,21256.4,21550.0,20700.0,21499.9,108102.872
2022-09-11,21499.9,21604.9,20920.0,21461.9,97187.516
2022-09-12,21473.0,22500.0,21121.0,22199.8,114172.066
2022-09-13,22199.8,22895.1,20400.0,20659.8,115059.869
2022-09-14,20770.0,21545.5,20072.1,20475.4,113145.761
2022-09-15,20499.5,20999.0,19734.0,19879.1,100697.659
2022-09-16,19962.2,21250.0,19744.9,19850.6,98745.517
2022-09-17,19910.3,20500.0,19760.4,20365.9,94440.199
2022-09-18,20330.1,20499.9,19600.0,19691.7,99598.98
2022-09-19,19656.2,20265.1,18412.6,19526.1,128649.217
2022-09-20,19526.1,19749.0,18828.8,18973.9,141222.973
2022-09-21,19010.4,19693.4,18666.0,18735.0,137787.115
2022-09-22,18961.4,19480.0,18555.5,19386.0,150250.538
2022-09-23,19386.0,19480.0,18627.7,19284.6,144423.04
2022-09-24,19289.1,19333.0,18827.7,18920.1,146433.124
2022-09-25,18922.3,19799.0,18763.0,18807.7,102331.008
2022-09-26,18811.4,19799.0,18765.1,19427.8,103053.901
2022-09-27,19432.0,20300.0,18877.9,19084.0,143088.624
2022-09-28,19084.0,20150.0,18000.0,19404.6,150937.754
2022-09-29,19416.0,19634.1,18550.0,19590.9,168180.327
2022-09-30,19590.9,20083.5,19101.0,19430.0,146129.897
2022-10-01,19510.0,19882.0,19236.0,19400.0,115257.988
2022-10-02,19310.0,19805.9,19088.5,19101.0,102350.819
2022-10-03,19300.0,19732.2,19100.0,19630.6,116781.062
2022-10-04,19624.9,20375.4,19385.0,20251.7,140785.16
2022-10-05,20336.1,20362.7,19733.4,19990.0,133382.391
2022-10-06,20167.9,20445.6,19915.6,19947.2,138095.329
2022-10-07,19954.6,20199.0,19480.0,19773.0,105333.527
2022-10-08,19777.5,20100.0,19553.0,19554.0,104394.555
2022-10-09,19554.0,19946.0,19353.6,19629.9,103607.998
2022-10-10,19629.9,20000.0,19000.0,19131.8,116879.859
2022-10-11,19131.8,19365.5,18824.0,19226.0,132974.908
2022-10-12,19226.0,19400.0,19058.3,19200.7,109657.512
2022-10-13,19200.7,19596.9,17940.8,19150.0,87993.365
2022-10-14,19372.2,19800.0,19100.0,19186.4,136248.411
2022-10-15,19250.0,19647.3,19070.7,19209.5,107867.79
2022-10-16,19209.5,19552.0,19094.1,19310.0,100376.714
2022-10-17,19310.0,19613.7,19165.4,19546.6,136106.024
2022-10-18,19550.2,19619.9,19250.0,19329.7,137718.709
2022-10-19,19329.7,19619.9,19162.0,19290.0,105046.15
2022-10-20,19290.1,19541.0,19000.0,19046.7,110549.008
2022-10-21,19044.5,19800.0,18800.0,19191.0,39226.296
2022-10-22,19191.0,19635.8,19128.1,19396.9,52235.096
2022-10-23,19350.0,19624.9,19199.2,19255.0,12948.082
2022-10-24,19255.0,19600.0,19220.0,19329.8,107766.052
2022-10-25,19361.6,20200.6,19250.0,20110.4,113273.417
2022-10-26,20077.0,20896.0,19427.1,20470.0,69121.785
2022-10-27,20470.0,20836.0,20000.0,20436.2,98826.49
2022-10-28,20506.1,20800.0,19870.1,20590.0,127317.951
2022-10-29,20160.0,20800.0,19871.0,20621.6,101475.889
2022-10-30,20600.0,20850.0,20002.0,20625.9,107932.492
2022-10-31,20631.9,20780.0,20150.0,20501.1,129533.391
2022-11-01,20595.0,20799.9,20400.0,20480.7,105839.071
2022-11-02,20478.3,20990.0,20255.0,20499.7,111880.289
2022-11-03,20478.9,20819.0,20100.0,20334.0,104258.23
2022-11-04,20334.0,21600.0,20276.1,21148.9,133039.457
2022-11-05,21142.9,22299.0,20900.0,21898.6,107753.056
2022-11-06,21432.0,22249.7,21090.0,21090.6,113212.719
2022-11-07,21455.5,21536.7,20080.0,20587.8,124706.299
2022-11-08,20587.8,20931.7,15000.0,18533.5,184821.215
2022-11-09,18543.6,18988.9,15555.5,15903.0,193780.438
2022-11-10,15900.3,18252.0,15629.8,17595.1,229910.855
2022-11-11,17597.6,18008.0,16300.1,17040.7,199792.202
2022-11-12,17046.9,18888.8,16500.0,17000.0,148808.805
2022-11-13,16850.0,18349.5,16337.0,16779.9,110309.716
2022-11-14,16779.9,17150.0,15901.0,16611.7,151345.713
2022-11-15,16619.9,17080.0,16293.1,16902.5,126171.322
2022-11-16,16865.2,17500.0,16400.0,16674.6,149983.365
2022-11-17,16662.7,17750.0,16402.4,16695.4,187008.871
2022-11-18,16690.0,17250.0,16550.1,16696.8,167270.83
2022-11-19,16696.8,16815.8,16500.0,16702.9,139601.675
2022-11-20,16679.7,16800.0,16200.0,16287.7,144026.448
2022-11-21,16288.6,16450.0,15585.0,15909.3,157952.743
2022-11-22,16149.9,16300.0,15666.7,16222.1,136076.349
2022-11-23,16250.0,16700.0,16137.9,16609.1,188212.252
2022-11-24,16608.0,16888.0,16462.4,16601.9,157696.673
2022-11-25,16604.0,16705.6,16310.0,16511.8,163072.439
2022-11-26,16519.5,16693.6,16368.0,16461.6,138965.407
2022-11-27,16455.5,16620.6,16388.0,16425.1,140839.072
2022-11-28,16428.0,16558.1,16011.0,16213.3,203622.818
2022-11-29,16215.6,16600.0,16081.3,16437.0,189224.157
2022-11-30,16433.2,17280.0,16398.1,17162.8,232186.441
2022-12-01,17161.1,17396.0,16860.0,16969.0,207350.603
2022-12-02,16975.1,17104.9,16800.0,17093.2,165983.963
2022-12-03,17090.6,17129.8,16820.1,16880.1,129970.065
2022-12-04,16884.6,17300.0,16878.8,17106.7,180649.275
2022-12-05,17105.7,17494.6,16882.0,16967.5,197222.233
2022-12-06,16965.8,17200.0,16910.0,17084.4,173507.568
2022-12-07,17083.5,17190.3,16200.0,16990.0,153940.25
2022-12-08,16843.8,17882.3,16790.0,17221.5,153681.135
2022-12-09,17221.5,17390.0,17000.0,17125.9,167354.367
2022-12-10,17125.9,17247.0,17005.0,17125.8,140798.243
2022-12-11,17125.8,17411.7,17026.0,17092.3,142468.507
2022-12-12,17092.3,17400.0,16878.2,17205.2,172675.778
2022-12-13,17208.0,17999.9,17053.4,17779.0,247158.947
2022-12-14,17779.0,18450.0,17658.0,17802.2,216138.379
2022-12-15,17802.2,17863.0,17300.0,17354.5,195845.318
2022-12-16,17354.5,17625.0,16500.0,16628.0,175043.434
2022-12-17,16625.0,16990.0,16571.0,16776.9,126957.843
2022-12-18,16777.0,17318.0,16700.0,16762.0,112759.737
2022-12-19,16762.0,16968.0,16200.0,16440.3,151244.799
2022-12-20,16437.3,17140.0,16378.0,16898.9,198353.002
2022-12-21,16897.0,16938.7,16717.0,16885.9,149851.97
2022-12-22,16825.0,17089.1,16600.0,16820.0,134479.539
2022-12-23,16820.5,17039.7,16751.0,16782.3,120987.015
2022-12-24,16782.3,16898.0,16756.0,16835.7,105291.286
2022-12-25,16835.7,16898.5,16702.4,16832.9,109876.584
2022-12-26,16830.7,16988.0,16710.0,16908.1,125941.219
2022-12-27,16920.0,16980.0,16645.7,16708.2,127215.118
2022-12-28,16705.0,16829.0,16500.0,16552.5,145204.836
2022-12-29,16552.5,16655.0,16500.0,16642.1,124143.884
2022-12-30,16642.1,16775.0,16422.4,16606.0,116204.65
2022-12-31,16610.4,16820.0,16500.0,16595.0,102655.173
2023-01-01,16720.0,16794.0,16525.2,16621.5,104128.631
2023-01-02,16621.5,16987.0,16572.0,16674.3,127001.778
2023-01-03,16673.3,16936.2,16580.0,16675.0,155524.399
2023-01-04,16675.0,16979.0,16639.0,16850.4,154239.39
2023-01-05,16793.7,16958.2,16756.0,16832.4,199232.66
2023-01-06,16832.4,17050.0,16650.0,16949.2,117827.361
2023-01-07,16949.2,17338.0,16700.0,16940.8,138818.233
2023-01-08,16943.3,17228.0,16810.1,17111.8,137375.849
2023-01-09,17115.7,17398.0,16931.7,17180.0,167742.897
2023-01-10,17180.0,17499.0,17128.5,17440.0,137494.353
2023-01-11,17419.6,17799.9,17200.0,17628.0,143121.74
2023-01-12,17728.2,18899.0,17628.0,18803.3,218331.67
2023-01-13,18803.3,19999.9,18551.0,19930.9,197189.324
2023-01-14,19930.9,23000.0,19560.0,20950.1,251259.806
2023-01-15,20956.4,21156.0,20500.0,20872.1,188973.155
2023-01-16,20872.5,21443.7,20600.3,21191.6,248612.045
2023-01-17,21183.4,21677.0,20881.7,21130.8,201005.805
2023-01-18,21129.6,21729.1,20417.6,20681.9,194916.694
2023-01-19,20674.4,21180.0,20650.0,20977.8,164610.863
2023-01-20,21071.5,22724.3,20702.3,22284.0,130123.739
2023-01-21,21846.0,23845.3,21435.0,22769.8,160215.027
2023-01-22,22776.4,23201.7,22223.0,22709.3,180902.315
2023-01-23,22760.6,28000.0,22420.0,22920.4,211522.986
2023-01-24,22911.1,23378.6,22321.9,22626.5,202587.821
2023-01-25,22630.3,23965.2,22022.1,23056.4,205688.571
2023-01-26,23047.4,23452.0,22800.0,23008.9,207400.49
2023-01-27,23008.9,23490.0,22018.0,23071.1,203304.208
2023-01-28,23065.1,23200.6,22700.0,23024.7,162138.366
2023-01-29,23028.4,24283.7,22742.4,23747.8,225154.75
2023-01-30,23747.1,23822.1,22345.8,22823.8,233842.877
2023-01-31,22823.8,23425.4,22489.3,23131.2,189083.324
2023-02-01,23131.2,23999.0,22700.0,23726.4,202398.518
2023-02-02,23726.4,26750.0,23333.0,23481.5,199172.979
2023-02-03,23491.8,25470.0,23222.0,23431.1,185822.126
2023-02-04,23425.4,23600.0,23170.0,23325.0,142605.227
2023-02-05,23321.7,23700.0,22800.0,23087.7,123782.291
2023-02-06,23143.7,23319.9,22625.0,22761.4,140910.936
2023-02-07,22759.4,23998.9,20941.5,23253.9,189002.105
2023-02-08,23252.4,25688.0,21450.1,22962.4,214449.084
2023-02-09,22960.3,23109.1,21700.0,21796.9,222471.634
2023-02-10,21796.9,24555.0,18838.1,21636.5,203679.726
2023-02-11,21636.6,24299.9,19200.1,21861.0,187606.274
2023-02-12,21864.1,22458.0,21695.0,21832.0,142707.962
2023-02-13,21956.0,22220.0,21500.0,21771.5,122234.679
2023-02-14,21776.7,22338.0,21622.0,22203.1,171144.357
2023-02-15,22201.1,24697.9,22000.0,24329.8,226769.349
2023-02-16,24333.3,25500.0,23500.0,23526.3,237279.71
2023-02-17,23526.3,24999.0,23100.0,24575.8,227869.466
2023-02-18,24577.9,24988.0,23940.0,24637.0,181899.08
2023-02-19,24637.0,25500.0,24120.0,24284.5,187199.209
2023-02-20,24284.5,25240.3,23800.0,24837.9,210781.74
2023-02-21,24837.7,25450.0,24100.4,24446.3,248447.391
2023-02-22,24451.7,24699.7,23551.0,24183.5,264066.617
2023-02-23,24183.5,24700.0,23600.0,23937.1,262288.112
2023-02-24,23937.8,24300.0,22799.0,23448.1,254627.058
2023-02-25,23406.5,23727.0,22799.0,23162.5,194047.178
2023-02-26,23161.1,23800.0,23050.0,23555.3,202378.025
2023-02-27,23552.5,23950.0,23109.1,23492.6,239710.096
2023-02-28,23496.0,23600.0,23008.0,23134.9,215211.088
2023-03-01,23132.7,23998.0,23000.0,23629.7,234612.309
2023-03-02,23633.0,23786.7,23201.7,23461.3,211684.356
2023-03-03,23463.7,23511.8,22000.0,22350.6,154767.327
2023-03-04,22350.6,23299.9,22266.0,22375.1,121246.297
2023-03-05,22447.4,22660.0,22300.2,22433.1,123590.259
2023-03-06,22430.0,23000.0,22416.6,22445.0,111883.156
2023-03-07,22598.5,22603.3,21765.0,22196.0,158099.354
2023-03-08,22196.0,24000.0,21000.2,21997.0,158852.11
2023-03-09,21710.0,22175.0,20300.0,20522.0,187061.574
2023-03-10,20522.0,20845.0,19550.0,20160.4,182836.624
2023-03-11,20160.4,20739.0,19800.0,20470.0,190333.644
2023-03-12,20561.0,22000.0,20221.9,21988.0,201960.161
2023-03-13,21995.6,25110.9,21000.0,24110.8,296266.806
2023-03-14,24102.1,26500.0,23700.0,24689.3,284395.656
2023-03-15,24686.5,25400.0,23800.0,24280.3,318097.322
2023-03-16,24275.8,25153.4,24100.0,24991.1,270334.311
2023-03-17,25000.1,27364.7,24774.1,26825.3,244411.977
2023-03-18,26825.3,27549.2,26250.0,26900.0,166719.8
2023-03-19,26900.0,28250.0,26800.0,27743.9,229611.935
2023-03-20,27743.9,28228.5,27000.0,27540.0,181985.26
2023-03-21,27540.0,28100.0,27100.0,28075.0,163363.233
2023-03-22,27978.0,28350.0,26621.5,27251.8,182388.303
2023-03-23,27251.0,28888.8,27000.0,28292.2,250740.099
2023-03-24,28296.0,28440.0,26800.0,27460.9,233941.365
2023-03-25,27447.3,27900.0,27051.0,27469.0,173702.987
2023-03-26,27468.5,28163.0,27200.0,27973.0,183237.527
2023-03-27,27972.5,28180.0,26350.0,27136.9,213626.657
2023-03-28,27112.0,27696.0,26600.0,27257.9,198322.511
2023-03-29,27256.8,28888.8,27138.7,28344.0,229972.969
2023-03-30,28340.0,29468.8,27600.0,28035.5,231086.928
2023-03-31,28035.5,28800.0,27550.0,28465.1,205293.221
2023-04-01,28469.1,28820.0,28207.7,28450.3,165089.843
2023-04-02,28450.4,28600.5,27879.6,28197.9,163867.021
2023-04-03,28171.8,28600.0,27400.0,27954.9,161969.07
2023-04-04,27954.9,28500.0,27750.0,28166.5,159067.758
2023-04-05,28166.3,28989.0,27664.6,28172.7,173987.382
2023-04-06,28170.5,28310.0,27765.0,28084.7,111086.799
2023-04-07,28084.7,28398.0,27825.3,28000.6,109220.726
2023-04-08,28000.6,28699.0,27871.0,28182.5,115252.28
2023-04-09,28182.5,28800.0,27943.0,28459.7,125303.62
2023-04-10,28402.7,30561.6,28155.6,29636.9,186114.148
2023-04-11,29636.9,30650.0,29345.0,30207.4,202543.482
2023-04-12,30207.3,31000.0,29710.0,30155.8,140918.427
2023-04-13,30201.1,30666.0,30000.0,30377.1,164662.723
2023-04-14,30375.2,31100.0,30250.0,30469.6,150091.841
2023-04-15,30469.6,31100.0,30250.0,30590.0,140101.547
2023-04-16,30590.0,31000.0,30250.0,30306.6,126877.144
2023-04-17,30299.7,30400.0,29160.0,29588.0,118242.872
2023-04-18,29510.0,30750.0,29200.0,30401.0,124570.316
2023-04-19,30383.0,30429.8,28479.0,28862.9,128951.067
2023-04-20,28862.9,30000.0,28053.2,28586.0,119899.44
2023-04-21,28341.9,28770.2,27000.0,27346.8,130903.502
2023-04-22,27346.8,27944.1,27011.0,27813.3,160367.115
2023-04-23,27813.3,27827.8,27333.6,27582.8,151395.13
2023-04-24,27582.8,28027.2,26836.6,27669.9,144430.683
2023-04-25,27670.0,28499.0,27377.6,28293.5,103790.416
2023-04-26,28297.2,29985.0,28111.1,28400.0,125872.52
2023-04-27,28356.0,30000.0,28201.1,29150.6,123002.533
2023-04-28,29150.6,29600.0,28658.0,29101.3,112906.297
2023-04-29,29101.4,29900.0,29050.0,29220.0,112175.011
2023-04-30,29220.0,30320.0,28420.3,29000.0,117817.729
2023-05-01,29116.1,29378.0,28050.0,28352.0,122250.028
2023-05-02,28352.0,28950.0,28158.0,28695.0,109934.728
2023-05-03,28695.0,29100.0,28300.0,29007.6,115838.436
2023-05-04,29037.3,29158.0,28450.0,28515.3,113997.369
2023-05-05,28515.3,29500.0,28465.0,29000.0,120019.025
2023-05-06,29069.0,29488.0,28110.6,28785.5,115434.909
2023-05-07,28737.0,29075.3,28590.0,28599.1,106885.843
2023-05-08,28817.8,29000.0,27642.5,28352.0,178877.996
2023-05-09,28356.0,28660.9,28133.2,28352.0,97242.321
2023-05-10,28661.0,28750.0,27000.0,28355.9,152070.351
2023-05-11,28355.9,28490.0,27499.0,27882.2,113439.872
2023-05-12,27792.6,29100.0,26480.1,27055.6,131132.201
2023-05-13,27189.8,27747.9,26950.2,27248.1,102932.437
2023-05-14,27248.2,27747.9,27168.2,27425.1,98029.262
2023-05-15,27459.9,28100.0,27267.0,27979.0,109464.436
2023-05-16,28079.9,28080.0,27118.0,27350.3,105979.085
2023-05-17,27424.6,27928.0,26666.0,27701.4,118288.877
2023-05-18,27541.5,28356.0,26925.0,27150.4,109568.967
2023-05-19,27298.0,27398.8,26631.0,26955.0,107964.437
2023-05-20,27189.9,27500.0,26772.4,27249.8,103730.732
2023-05-21,27249.8,27450.0,27073.7,27121.5,98352.328
2023-05-22,27315.9,27315.9,27001.0,27178.0,102319.371
2023-05-23,27178.0,27356.6,27008.0,27244.9,113610.802
2023-05-24,27244.9,27383.8,26000.0,26419.4,139684.047
2023-05-25,26519.4,27000.0,26000.4,26620.0,151238.775
2023-05-26,26620.0,26850.0,26540.0,26800.0,107604.629
2023-05-27,26800.0,27010.0,26520.0,26873.5,118967.241
2023-05-28,26873.5,28336.3,26770.0,28112.0,129054.955
2023-05-29,28112.0,28541.0,27450.0,27900.0,114968.155
2023-05-30,27720.6,28250.0,27570.0,27819.4,110891.414
2023-05-31,27809.4,27908.9,27065.0,27449.9,116303.629
2023-06-01,27228.0,28250.0,26750.9,27158.3,130142.995
2023-06-02,26803.9,27500.0,26499.9,27332.1,99965.45
2023-06-03,27201.9,27480.0,27140.0,27398.8,91067.475
2023-06-04,27398.8,27800.0,27100.0,27350.0,99991.636
2023-06-05,27350.0,27612.0,26129.0,26289.9,146996.531
2023-06-06,26289.9,27300.0,25722.9,27235.8,123013.41
2023-06-07,27235.8,27299.9,26501.0,26679.0,110786.387
2023-06-08,26605.9,26995.0,26368.0,26856.3,102979.921
2023-06-09,26793.2,26898.0,26600.0,26688.0,99871.902
2023-06-10,26859.9,26864.9,25743.5,26096.0,132142.925
2023-06-11,26096.0,26500.0,25817.0,26320.0,107950.396
2023-06-12,26010.0,26323.2,25764.1,25990.0,106544.605
2023-06-13,25887.7,26300.0,25800.0,25989.9,103807.111
2023-06-14,25900.1,26110.0,24674.8,25335.3,111606.849
2023-06-15,25168.6,25700.0,25053.0,25619.5,110812.928
2023-06-16,25494.3,26500.0,25200.1,25720.0,116008.998
2023-06-17,25823.7,26505.0,25720.0,26111.0,106520.677
2023-06-18,26111.0,26500.0,25900.1,26326.3,105176.442
2023-06-19,26326.3,26654.0,26120.2,26637.5,103619.291
2023-06-20,26637.5,27950.0,26371.7,27849.9,133263.74
2023-06-21,27849.9,28999.0,27554.2,28354.5,158508.002
2023-06-22,28354.5,29991.7,28200.7,29760.0,128234.531
2023-06-23,29760.0,30800.0,29301.0,30700.0,95540.839
2023-06-24,30650.4,30900.0,30268.0,30371.7,116936.457
2023-06-25,30371.8,30998.0,29848.2,30286.7,105078.688
2023-06-26,30185.8,30500.0,29620.8,29710.1,115885.208
2023-06-27,29808.5,30850.0,29680.1,30373.9,107245.307
2023-06-28,30185.8,30426.6,29752.9,29975.0,109655.4
2023-06-29,30061.3,30686.0,29872.1,30437.1,105861.805
2023-06-30,30282.4,31200.0,29872.1,30477.0,123517.336
2023-07-01,30459.2,30719.0,30115.0,30500.0,94542.703
2023-07-02,30573.6,30638.0,30160.1,30294.0,102478.78
2023-07-03,30294.0,30996.0,30230.2,30884.0,109254.225
2023-07-04,30718.3,31090.7,30600.1,30769.2,110376.497
2023-07-05,30768.6,30987.9,30250.0,30506.0,113137.41
2023-07-06,30492.6,31200.0,29899.0,30015.7,139487.818
2023-07-07,30015.7,30725.0,29900.0,30120.3,116406.736
2023-07-08,30331.5,30960.0,29950.0,30272.4,98330.653
2023-07-09,30272.4,30597.4,30136.0,30201.0,100894.443
2023-07-10,30201.0,30942.4,29941.5,30379.4,109399.356
2023-07-11,30398.8,30857.2,30200.0,30785.8,94532.166
2023-07-12,30659.1,30941.8,30289.0,30430.9,101334.264
2023-07-13,30433.9,31551.0,30260.0,31434.8,111493.434
2023-07-14,31265.2,31600.0,30211.0,30859.0,111479.047
2023-07-15,30859.0,31400.0,30170.0,31387.9,101553.743
2023-07-16,31200.0,31387.9,30150.0,30376.4,104797.758
2023-07-17,30376.4,30596.5,29526.0,29977.4,100534.009
2023-07-18,29977.4,30599.0,29848.2,29886.1,100252.595
2023-07-19,29886.1,30385.0,29886.0,29925.0,101922.596
2023-07-20,30300.0,30499.9,29680.0,29900.1,105139.048
2023-07-21,30256.7,30300.0,29657.8,29897.4,98860.555
2023-07-22,29865.0,30222.0,29710.0,29733.2,93347.088
2023-07-23,29733.2,30400.0,29730.3,30084.1,101423.605
2023-07-24,30084.1,30358.2,28849.7,29231.0,133753.403
2023-07-25,29110.7,29468.7,28978.0,29216.5,98626.556
2023-07-26,29217.9,29900.0,29108.3,29539.5,93732.295
2023-07-27,29438.5,29799.6,29150.0,29256.9,157691.865
2023-07-28,29250.0,29666.0,29136.4,29429.7,121485.946
2023-07-29,29398.9,29586.0,29237.2,29473.9,96299.398
2023-07-30,29431.4,29586.7,29047.6,29234.0,102558.196
2023-07-31,29234.0,29586.7,29039.1,29189.0,98037.607
2023-08-01,29245.4,29499.0,28724.2,29499.0,105029.677
2023-08-02,29476.3,29848.2,29163.9,29176.8,107311.297
2023-08-03,29235.3,29610.3,29024.3,29176.2,104260.543
2023-08-04,29182.2,29492.3,29001.1,29230.1,102941.154
2023-08-05,29164.4,29500.0,28908.5,29000.0,107488.66
2023-08-06,28927.2,29250.0,28912.4,29070.3,109739.774
2023-08-07,29128.5,29250.0,28800.0,29054.5,117995.104
2023-08-08,29170.9,30208.3,29000.0,29800.0,119641.959
2023-08-09,29788.8,29943.7,29422.0,29500.0,68797.436
2023-08-10,29452.5,29699.7,29395.0,29657.8,37093.346
2023-08-11,29444.6,29666.0,29300.1,29413.9,94462.606
2023-08-12,29413.9,29650.0,29344.0,29466.9,93597.811
2023-08-13,29533.4,29640.0,29404.9,29409.0,96707.766
2023-08-14,29416.0,29658.0,29001.1,29420.0,103135.519
2023-08-15,29556.0,29850.0,29421.1,29470.7,42171.271
2023-08-16,29519.4,29590.0,28888.0,28908.7,71958.712
2023-08-17,28650.0,28931.7,25000.0,27640.6,134357.804
2023-08-18,27640.6,27648.5,26431.9,26984.9,120793.152
2023-08-19,26984.9,28760.0,26350.0,28300.0,138349.351
2023-08-20,28186.8,28355.9,26901.0,27107.6,128562.429
2023-08-21,27205.0,28499.9,26788.6,26987.3,132896.184
2023-08-22,26987.3,27389.9,26453.1,26559.0,103878.471
2023-08-23,26559.0,27158.8,26326.4,26822.7,121374.533
2023-08-24,26822.7,26921.5,26272.8,26400.1,109238.248
2023-08-25,26400.1,26701.0,26116.8,26596.9,101504.153
2023-08-26,26442.3,26598.0,26158.7,26540.0,96105.429
2023-08-27,26349.6,26644.0,26160.3,26348.1,104119.476
2023-08-28,26348.1,26571.8,26217.1,26479.6,104100.825
2023-08-29,26479.6,27888.0,26095.9,27775.3,115028.302
2023-08-30,27775.3,27819.9,26888.8,27224.3,95865.148
2023-08-31,27403.2,27522.9,25826.0,26069.0,108840.534
2023-09-01,26304.9,26799.4,25502.0,26067.4,106142.108
2023-09-02,26045.0,28250.0,25890.0,26798.0,116505.996
2023-09-03,26410.0,26799.0,26300.0,26357.0,92074.127
2023-09-04,26456.0,26700.0,25661.4,25992.0,107097.574
2023-09-05,25700.0,26050.0,25550.0,25723.0,100736.425
2023-09-06,25723.0,26170.0,25642.9,25970.0,102083.206
2023-09-07,25720.4,26347.4,25560.1,26197.0,96583.737
2023-09-08,26197.0,26368.5,25743.5,26000.0,96290.43
2023-09-09,26000.0,26198.0,25678.0,25750.1,91541.515
2023-09-10,25750.1,26087.0,25666.6,25940.8,98190.611
2023-09-11,25853.9,25970.0,25000.0,25502.0,111134.913
2023-09-12,25158.0,26368.5,25156.0,25949.9,112283.333
2023-09-13,25949.9,26368.5,25800.0,25880.1,100337.706
2023-09-14,26240.0,26720.0,25809.0,26367.5,111602.932
2023-09-15,26367.5,26708.1,26058.0,26480.0,98369.178
2023-09-16,26387.4,26658.0,26090.1,26510.0,95643.388
2023-09-17,26510.0,26580.3,26054.2,26456.0,95926.923
2023-09-18,26140.4,27291.1,26140.1,26709.1,124863.169
2023-09-19,26840.1,27312.9,26400.0,26991.6,107038.505
2023-09-20,26890.7,27316.9,26687.0,27113.5,98410.437
2023-09-21,27174.8,27247.5,26450.0,26555.3,93260.915
2023-09-22,26629.8,26990.0,25835.0,26690.1,110189.668
2023-09-23,26690.1,26965.0,26432.0,26490.0,91080.749
2023-09-24,26849.9,26900.0,26368.6,26368.6,97300.044
2023-09-25,26367.0,26772.9,26033.4,26401.2,107061.49
2023-09-26,26326.6,26772.9,25838.0,26461.0,102265.895
2023-09-27,26461.0,26489.9,25838.1,26300.0,46728.044
2023-09-28,26255.0,27100.0,26250.0,27017.8,69294.461
2023-09-29,27020.7,27064.0,26405.0,26766.0,95485.963
2023-09-30,26766.0,27027.8,26440.0,26864.0,105523.697
2023-10-01,26783.3,27888.0,26510.1,27880.0,116543.703
2023-10-02,27880.0,28300.0,27250.0,27669.7,160349.247
2023-10-03,27590.3,27885.6,26854.7,27425.3,171117.778
2023-10-04,27426.9,27885.5,27000.1,27783.2,178609.911
2023-10-05,27783.6,28088.5,27373.4,27408.7,170881.867
2023-10-06,27412.5,28171.9,27183.9,27937.6,184271.697
2023-10-07,27931.5,28054.0,27826.0,27950.5,147781.746
2023-10-08,27952.3,28092.4,27714.2,27925.0,145073.093
2023-10-09,27921.5,27995.2,27100.1,27595.5,149999.569
2023-10-10,27585.4,27800.0,27250.0,27451.5,135299.081
2023-10-11,27451.5,27720.0,26502.0,26878.6,159213.495
2023-10-12,26875.9,27210.0,26730.0,26761.5,117438.774
2023-10-13,26762.2,27179.5,26600.0,26836.5,128923.965
2023-10-14,26836.5,27208.9,26720.0,27002.8,109699.471
2023-10-15,27002.8,27290.0,26850.0,27289.9,122770.266
2023-10-16,27247.0,30200.0,26800.1,28500.0,193457.771
2023-10-17,28500.0,28649.9,27850.0,28402.5,179504.071
2023-10-18,28404.0,28639.9,27870.0,28202.1,152489.609
2023-10-19,28285.0,28950.0,27840.0,28700.0,147019.323
2023-10-20,28699.7,29850.9,28385.1,29426.7,133882.804
2023-10-21,29426.7,30200.0,29370.6,29891.9,127351.405
2023-10-22,29905.6,30131.2,29700.7,29763.0,120185.724
2023-10-23,29835.7,40000.0,29763.0,32487.5,187057.68
2023-10-24,32150.1,35000.0,32005.1,33800.0,145474.655
2023-10-25,33800.0,35619.9,33220.0,34398.1,154713.613
2023-10-26,34400.1,34800.0,33240.5,33949.4,183385.331
2023-10-27,33949.4,34146.5,33384.2,33925.9,131837.319
2023-10-28,33925.9,34140.0,33706.0,33959.4,111019.59
2023-10-29,33874.5,34441.6,33720.0,34055.0,104776.0
2023-10-30,34200.0,34968.9,34027.5,34401.2,179229.292
2023-10-31,34417.0,34752.0,34010.0,34408.8,151061.461
2023-11-01,34523.0,35619.9,34140.0,35421.1,204118.665
2023-11-02,35421.1,35999.9,34271.0,34932.1,235344.919
2023-11-03,34931.2,34940.5,34112.8,34709.6,229980.701
2023-11-04,34710.3,36200.0,34552.0,35057.1,175703.68
2023-11-05,35062.3,35400.0,34522.1,35013.0,158963.592
2023-11-06,35034.0,35341.0,34690.4,35036.4,173229.908
2023-11-07,35018.3,35964.9,34552.0,35394.1,165219.602
2023-11-08,35400.5,36067.3,35137.2,35619.1,183761.016
2023-11-09,35634.5,37999.9,35475.9,36693.9,246012.562
2023-11-10,36691.4,37520.4,36308.3,37301.0,193448.417
2023-11-11,37311.7,37397.4,36727.3,37158.7,149169.059
2023-11-12,37158.7,37300.0,36751.5,37063.2,161365.608
2023-11-13,37061.3,37398.6,36645.0,36787.9,111362.628
2023-11-14,36685.0,37213.9,34607.3,35552.0,216699.682
2023-11-15,35552.0,37995.0,35368.8,37854.1,182254.388
2023-11-16,37857.8,37922.6,35536.4,36161.5,150582.806
2023-11-17,36168.3,36834.7,35789.4,36606.2,198497.556
2023-11-18,36606.2,37071.1,36134.5,36564.1,148821.045
2023-11-19,36571.2,37548.4,36395.5,37348.3,153731.303
2023-11-20,37348.3,37849.9,36700.0,37463.9,186915.056
2023-11-21,37449.7,37729.0,35742.0,35767.6,206238.408
2023-11-22,35780.0,37777.7,35600.0,37324.1,206223.182
2023-11-23,37362.1,37608.5,36588.3,37226.4,161325.176
2023-11-24,37226.4,38000.0,37160.1,37601.7,184764.004
2023-11-25,37601.7,37880.2,37310.0,37598.3,123485.678
2023-11-26,37598.3,37849.9,37149.7,37438.4,121248.197
2023-11-27,37437.6,37555.2,37005.8,37339.0,138906.696
2023-11-28,37339.0,38396.2,36885.6,37815.6,192255.463
2023-11-29,37818.5,38500.0,37652.3,38050.6,144947.775
2023-11-30,38050.6,38337.3,37880.2,38187.9,107852.402
2023-12-01,38004.0,38999.9,37980.0,38690.0,168042.283
2023-12-02,38724.9,41999.9,38552.5,39449.1,141901.873
2023-12-03,39427.5,40499.9,39241.6,40150.0,137751.54
2023-12-04,40128.4,41999.9,39872.0,41746.4,141129.534
2023-12-05,41746.4,48000.0,41063.5,44591.6,131889.844
2023-12-06,44590.6,45238.9,43600.0,43860.8,116786.187
2023-12-07,43878.3,44308.0,42742.0,44060.7,106191.634
2023-12-08,43984.0,44969.8,43525.0,44882.9,105004.57
2023-12-09,44882.9,44969.9,43953.0,44154.8,106132.284
2023-12-10,44057.9,44592.4,43920.1,44272.6,99120.421
2023-12-11,44272.6,44272.6,39710.3,41005.2,121899.638
2023-12-12,41005.2,42600.0,41005.1,41812.0,104257.106
2023-12-13,41900.0,43292.3,41555.0,42755.9,109285.208
2023-12-14,42849.9,44500.0,41662.1,43191.4,110439.425
2023-12-15,43171.1,43431.0,41555.1,42115.9,101862.742
2023-12-16,42129.7,43210.0,42111.1,42250.0,112085.509
2023-12-17,42285.9,43083.0,42000.0,42212.1,106026.283
2023-12-18,42212.1,43200.0,41000.0,42593.7,113772.739
2023-12-19,42678.9,43257.7,42300.0,42738.7,106347.138
2023-12-20,42738.7,44491.8,42523.0,43602.0,131639.797
2023-12-21,43602.0,43999.0,43200.0,43514.9,98745.638
2023-12-22,43514.9,44200.0,43362.2,43987.4,129401.046
2023-12-23,43943.0,44080.0,43501.0,43698.1,98617.211
2023-12-24,43794.2,44087.9,43050.6,43050.6,98929.484
2023-12-25,43159.3,43906.0,43032.3,43610.6,97355.69
2023-12-26,43721.1,43794.1,42707.9,42789.9,106989.815
2023-12-27,42892.6,43500.0,42550.0,43289.1,99254.0
2023-12-28,43185.2,43674.8,42900.0,43237.2,106253.096
2023-12-29,43228.5,43431.0,41200.0,42152.8,116313.342
2023-12-30,42152.8,42649.9,41529.0,42406.4,101491.299
2023-12-31,42406.4,49383.8,42000.0,42602.0,120688.883
2024-01-01,42602.0,44973.5,42450.0,44040.0,108809.421
2024-01-02,44010.0,45600.0,43916.7,44795.0,123132.786
2024-01-03,44678.6,45492.8,41200.0,42926.9,119475.462
2024-01-04,42926.9,44400.0,42776.1,44110.4,115175.068
2024-01-05,44122.0,44400.0,43090.3,44083.9,102091.004
2024-01-06,44083.9,44343.5,43453.8,43923.1,102401.704
2024-01-07,43923.1,44075.3,43476.6,43890.6,104804.666
2024-01-08,43890.6,47000.0,43110.0,46021.4,130087.436
2024-01-09,46200.0,48266.2,45000.1,46440.0,116957.217
2024-01-10,46440.0,49000.0,45215.0,46370.0,113244.546
2024-01-11,46553.6,48843.0,46115.0,47700.0,109359.196
2024-01-12,47700.0,47800.0,42000.0,43067.0,141986.468
2024-01-13,43066.9,43884.9,42620.0,43536.5,112293.093
2024-01-14,43503.0,43799.8,42600.0,42963.8,111967.787
2024-01-15,43036.9,43794.2,42600.0,43154.1,103826.663
2024-01-16,43154.1,43699.0,42710.0,43361.0,104718.377
2024-01-17,43597.4,43790.0,42725.0,42811.0,106192.212
2024-01-18,43143.0,43650.0,41330.2,42179.9,124024.542
2024-01-19,42179.9,42689.8,41396.4,41457.6,104939.271
2024-01-20,41457.6,42449.9,41066.6,42363.8,106954.051
2024-01-21,42363.8,42469.4,41900.0,41907.2,100212.909
2024-01-22,42185.0,42388.0,40004.0,40004.2,125861.364
2024-01-23,40200.0,41200.0,39000.0,40370.0,132817.644
2024-01-24,40370.0,41400.0,39550.0,40140.0,110484.878
2024-01-25,40337.2,40979.8,39997.1,40600.0,97556.238
2024-01-26,40301.0,42640.6,40000.0,41662.4,126260.159
2024-01-27,41662.5,42617.4,41100.1,41687.2,111919.266
2024-01-28,41641.8,42639.5,41355.2,42107.2,101147.523
2024-01-29,42346.6,42749.7,41628.7,42745.1,108993.101
2024-01-30,42745.1,44444.0,42305.3,43154.7,135676.545
2024-01-31,42947.5,43814.6,42639.5,42646.0,110860.996
2024-02-01,42646.0,43167.6,42300.0,42977.8,101747.325
2024-02-02,42844.6,43167.6,42540.1,42731.6,104956.227
2024-02-03,42764.3,43250.0,42669.0,42900.9,69372.491
2024-02-04,42902.5,43881.1,42333.7,42920.0,139580.763
2024-02-05,43293.7,43570.4,42503.0,43116.8,104627.802
2024-02-06,43116.8,43500.0,42503.3,42800.3,94113.497
2024-02-07,42891.5,43955.1,42510.0,43850.0,86639.558
2024-02-08,43850.0,45000.0,43119.6,44450.6,143324.09
2024-02-09,44450.6,47538.4,44050.1,46545.0,115960.063
2024-02-10,46793.3,47652.6,45750.1,46804.2,101348.259
2024-02-11,47041.9,48343.5,46615.1,47670.1,102638.352
2024-02-12,47670.1,50500.0,43200.0,48948.7,127379.35
2024-02-13,48948.7,50396.1,44700.0,48921.2,127095.719
2024-02-14,48921.2,52117.5,48666.1,51001.0,115922.84
2024-02-15,51452.8,56004.0,49855.0,52247.4,137951.554
2024-02-16,52247.4,53358.4,51426.8,51909.5,104567.66
2024-02-17,52017.0,52421.8,51000.0,51651.7,104262.357
2024-02-18,51651.7,52372.7,51086.1,52140.0,106728.879
2024-02-19,52140.0,53500.0,50000.0,51202.0,113741.497
2024-02-20,51202.0,52452.0,50500.0,51560.0,113048.474
2024-02-21,52297.3,52300.0,50841.4,51228.8,101582.306
2024-02-22,51383.8,51868.0,50900.1,51306.0,99948.434
2024-02-23,51316.9,51749.9,51009.0,51606.7,101572.4
2024-02-24,51600.0,51799.8,50922.8,51619.8,98076.108
2024-02-25,51484.4,52034.2,51410.4,51599.3,98101.981
2024-02-26,51667.3,55953.9,51264.0,55438.9,124075.412
2024-02-27,55000.2,59999.9,53700.0,57912.7,124979.627
2024-02-28,57906.2,68888.0,56780.0,62817.0,138181.58
2024-02-29,63240.0,65000.0,61200.0,62831.7,129678.985
2024-03-01,62831.7,66731.0,62092.8,64286.0,98159.021
2024-03-02,64158.0,64600.0,61090.0,62573.0,104508.771
2024-03-03,62737.0,63900.0,62000.0,63144.4,106834.703
2024-03-04,63256.0,69999.9,63151.0,69516.0,131359.769
2024-03-05,69244.0,72500.0,60475.7,64666.8,127512.472
2024-03-06,64666.8,68000.0,63397.4,66210.0,116145.508
2024-03-07,66210.0,67036.0,60084.1,66036.0,112728.02
2024-03-08,66230.0,71999.9,66001.0,69868.1,108533.856
2024-03-09,69868.1,71999.0,69300.0,70321.6,102950.409
2024-03-10,70309.0,71000.0,69116.1,69899.0,100355.616
2024-03-11,69811.0,72799.0,68600.0,72002.2,118071.485
2024-03-12,72153.8,72489.9,70001.2,70516.0,107088.91
2024-03-13,70372.0,74500.0,70251.8,73365.0,112793.636
2024-03-14,73648.5,73845.0,71801.0,72409.1,108846.59
2024-03-15,72838.0,72887.0,69660.0,71000.0,109399.73
2024-03-16,71000.0,71000.0,67000.0,67112.3,115754.834
2024-03-17,67112.3,69999.6,66900.1,69297.4,111318.001
2024-03-18,69297.4,70950.0,66667.0,67751.4,109519.145
2024-03-19,67751.4,68652.4,62100.0,62344.3,131317.464
2024-03-20,62344.3,69949.9,62344.3,67860.0,129565.413
2024-03-21,67770.0,69996.0,64600.0,67588.4,111118.855
2024-03-22,67927.2,68925.2,64803.0,66430.0,69650.269
2024-03-23,66510.0,67180.0,65701.1,66528.3,12957.2
2024-03-24,66299.2,67499.0,66299.2,66900.0,15562.569
2024-03-25,66900.0,73895.9,66312.2,71191.0,27507.655
2024-03-26,71095.0,72445.7,68011.0,70719.0,18166.191
2024-03-27,70679.1,72995.0,66900.0,68920.0,24220.452
2024-03-28,68920.0,71800.0,67669.1,70601.0,15755.878
2024-03-29,71396.0,72998.0,69005.0,70310.5,11346.421
2024-03-30,69668.1,71297.0,69668.1,70450.0,8823.495
2024-03-31,70700.0,75600.0,66168.0,71220.1,19792.499
2024-04-01,71729.8,71731.9,66111.4,69450.0,18654.665
2024-04-02,69095.3,73000.0,64000.0,68689.9,40019.203
2024-04-03,68690.0,68988.0,66201.0,67698.6,9539.65
2024-04-04,67680.6,70900.0,63000.0,68777.0,29565.168
2024-04-05,68778.0,71990.4,66001.1,69258.1,26720.155
2024-04-06,68999.9,100130.1,68122.4,75000.0,20074.525
2024-04-07,75378.8,77998.9,70701.0,73889.8,8428.477
2024-04-08,73889.7,75925.3,71663.0,72335.9,21903.817
2024-04-09,72335.7,74744.9,69300.1,70987.5,20542.301
2024-04-10,70110.7,74400.0,68000.0,71562.6,29238.745
2024-04-11,71562.6,72489.3,71346.9,72098.6,8525.249
2024-04-12,71800.2,72099.2,66800.0,69321.0,36262.032
2024-04-13,68977.0,69392.0,59500.0,66360.1,35421.851
2024-04-14,66380.5,67500.0,63000.0,65479.7,18398.235
2024-04-15,65479.7,67199.9,61000.0,64320.0,26534.376
2024-04-16,64320.0,65366.0,61752.3,63649.0,26651.166
2024-04-17,63500.0,64682.5,61342.5,62157.1,26155.147
2024-04-18,62157.3,67000.0,60800.0,64001.0,21172.395
2024-04-19,64605.5,66000.0,59299.0,64520.5,48526.937
2024-04-20,64520.6,65200.0,62882.1,64750.2,13301.528
2024-04-21,64770.0,65441.8,64380.2,65002.8,18502.447
2024-04-22,65209.8,66999.4,64822.6,66285.0,21055.322
2024-04-23,66715.0,69299.9,66011.4,66444.0,12630.042
2024-04-24,66515.7,66988.0,64530.0,65359.8,12569.25
2024-04-25,65197.1,65869.6,63200.0,64521.1,19759.93
2024-04-26,64798.5,65539.8,63503.1,64449.0,11537.493
2024-04-27,64449.0,64581.1,63325.3,64221.0,8497.509
2024-04-28,64221.0,64920.0,63650.2,64369.0,10360.249
2024-04-29,64368.2,64566.0,61000.0,63562.3,32015.436
2024-04-30,63562.1,64400.0,59000.0,60250.0,61762.545
2024-05-01,60589.0,61000.0,56000.0,58150.0,43035.944
2024-05-02,58150.0,59367.8,55471.8,58632.7,14796.249
2024-05-03,58632.6,63000.0,58632.3,61494.2,19083.361
2024-05-04,61494.2,64750.0,60200.0,63240.2,13528.253
2024-05-05,63299.9,63729.0,62400.0,63400.9,13709.621
2024-05-06,63200.2,64442.3,62001.0,62374.0,10092.84
2024-05-07,62374.0,63746.0,61140.0,61270.0,11813.964
2024-05-08,61270.1,62000.0,60205.4,60884.7,11977.722
2024-05-09,60884.7,62450.0,60000.0,62035.0,16460.1
2024-05-10,62050.0,62900.2,60000.1,60536.8,12237.54
2024-05-11,60536.8,62888.0,60009.0,60557.5,10161.305
2024-05-12,60557.5,61650.0,60008.9,61545.0,15954.359
2024-05-13,61494.7,62800.0,58000.3,61400.1,34825.058
2024-05-14,61400.0,63498.0,58112.0,61098.0,26434.702
2024-05-15,60899.0,65514.9,60781.7,65140.0,28291.486
2024-05-16,65387.5,65514.8,62986.9,64000.1,13174.939
2024-05-17,64000.1,65824.0,63600.4,65700.0,14678.307
2024-05-18,65824.0,66619.4,64502.3,65390.2,8345.462
2024-05-19,65397.2,66499.5,63033.4,64226.7,13502.383
2024-05-20,64227.1,69650.0,63251.0,68150.0,30464.404
2024-05-21,68150.0,71400.0,68000.1,69410.2,49320.277
2024-05-22,69836.7,70500.0,67631.4,68080.2,19404.316
2024-05-23,68490.0,69550.0,66000.0,67770.3,24057.311
2024-05-24,67731.2,71300.0,62477.3,67556.0,25559.814
2024-05-25,67556.0,68799.8,66200.0,68520.1,16917.408
2024-05-26,68798.7,68798.9,66660.0,67959.4,29094.938
2024-05-27,67959.4,69750.0,66620.0,68524.4,15728.085
2024-05-28,68531.6,68797.8,65100.1,68789.1,22854.561
2024-05-29,68768.5,69299.8,66665.7,67440.5,15684.987
2024-05-30,67440.5,69449.9,67000.1,67832.2,16771.441
2024-05-31,67811.1,68532.0,66011.1,67689.2,18517.765
2024-06-01,67689.2,68150.0,66900.1,67548.5,6990.448
2024-06-02,67548.5,68200.0,67050.1,67777.7,11622.82
2024-06-03,67849.6,69400.0,67690.1,68791.3,16863.36
2024-06-04,68841.6,70999.7,67600.0,69999.9,45307.335
2024-06-05,69766.2,72000.0,69230.1,70944.2,23696.718
2024-06-06,70944.1,72786.0,69210.0,72786.0,30470.884
2024-06-07,72786.0,72841.7,69450.1,70000.0,20929.912
2024-06-08,69999.9,70999.9,69600.9,69656.1,17741.304
2024-06-09,69656.1,70697.8,68638.8,69659.8,12678.447
2024-06-10,69998.0,70000.0,69420.0,69850.0,4280.583
2024-06-11,69849.9,69850.0,67700.0,68495.0,14537.094
2024-06-12,68495.0,70999.9,67201.0,68868.0,24040.309
2024-06-13,68666.1,69000.0,67301.0,68111.2,10312.974
2024-06-14,68111.1,68498.2,65200.0,67700.1,13853.53
2024-06-15,66900.0,67768.9,66100.0,66777.0,10652.938
2024-06-16,66777.2,67055.5,66150.1,66636.6,6120.392
2024-06-17,66636.7,66977.6,65220.0,66610.3,9572.996
2024-06-18,66643.5,66977.6,64580.0,65559.0,21755.926
2024-06-19,65555.0,67890.0,65399.4,65945.0,12834.168
2024-06-20,65945.0,70900.0,65300.1,65830.0,20403.713
2024-06-21,65830.1,71341.2,64100.0,66461.1,22889.626
2024-06-22,66382.9,66461.1,64983.2,65828.1,7108.289
2024-06-23,65828.1,65899.8,64500.1,64582.9,9318.522
2024-06-24,64583.0,65290.6,58301.8,60698.3,26423.258
2024-06-25,60393.9,63998.8,60393.9,62808.4,9988.718
2024-06-26,62641.3,62810.0,61000.0,61781.5,6199.709
2024-06-27,61781.5,62999.4,60100.0,61728.4,12465.976
2024-06-28,61728.4,61999.9,60950.0,61324.3,9897.627
2024-06-29,61466.6,62100.0,60721.0,61858.0,8802.599
2024-06-30,61820.0,62702.5,60305.0,61820.7,12886.406
2024-07-01,61621.6,69407.0,61573.1,63020.0,20307.432
2024-07-02,63328.6,64160.9,62186.4,62931.1,6810.271
2024-07-03,62931.1,63189.0,59032.0,59706.5,20677.802
2024-07-04,59706.5,60000.0,56666.0,57903.5,33452.385
2024-07-05,57822.5,58688.0,53500.0,56820.3,21146.207
2024-07-06,56820.3,59221.7,55817.3,58292.0,11301.513
2024-07-07,58292.0,58400.0,51204.1,56540.0,14017.015
2024-07-08,56540.0,57899.7,54471.4,56156.6,14615.215
2024-07-09,55933.9,58259.0,54894.1,57248.7,14515.498
2024-07-10,57007.1,60754.0,55651.0,57753.5,9330.587
2024-07-11,57688.5,59490.0,55650.4,57047.0,14415.896
2024-07-12,57100.0,58466.0,56000.9,57776.0,6046.488
2024-07-13,57776.0,58467.0,56801.0,58390.0,7909.37
2024-07-14,58372.2,60535.4,57180.5,59517.4,12430.937
2024-07-15,59680.0,63662.6,58754.0,63000.0,28847.118
2024-07-16,63000.0,74499.0,56820.2,64704.8,22851.969
2024-07-17,64704.8,66999.9,63555.0,64362.3,9031.847
2024-07-18,64525.4,64777.0,63689.3,63707.5,5076.034
2024-07-19,63871.0,66784.4,63689.2,65830.5,7673.11
2024-07-20,66128.9,66999.0,64567.3,66786.9,5878.809
2024-07-21,66786.9,67500.0,65810.0,67392.5,7256.783
2024-07-22,67392.5,67417.9,65855.1,66250.0,9553.456
2024-07-23,66250.0,67387.6,64555.3,65460.0,6432.485
2024-07-24,65500.0,71002.7,61673.5,64020.0,20718.187
2024-07-25,63960.0,70000.0,61260.0,65111.0,16004.132
2024-07-26,65111.0,67699.2,64000.0,66989.5,10345.146
2024-07-27,67204.1,68524.3,66542.0,66800.0,11390.379
2024-07-28,67022.7,67690.0,62600.0,66543.2,7525.407
2024-07-29,66847.0,68820.5,66313.2,66918.5,9904.134
2024-07-30,66983.8,68500.0,65000.7,65848.5,6717.908
2024-07-31,65634.3,72000.0,63800.0,65145.5,11466.152
2024-08-01,65145.5,65579.7,62000.0,64380.0,20479.252
2024-08-02,64380.0,64697.0,61000.2,62056.1,6783.907
2024-08-03,62068.3,62994.0,60000.3,61330.7,10423.336
2024-08-04,61564.2,62700.0,58212.1,59636.3,13217.321
2024-08-05,59636.3,64969.7,50000.0,55568.6,75274.847
2024-08-06,55568.7,57368.6,54000.1,55733.3,12815.935
2024-08-07,55733.3,56940.8,54855.1,55330.7,10207.142
2024-08-08,55260.6,61831.9,55000.0,61275.5,24957.604
2024-08-09,61275.5,61831.8,58023.4,60479.9,7831.203
2024-08-10,60479.9,61275.5,59725.5,60849.9,6834.501
2024-08-11,60850.0,61500.0,58850.0,59374.8,5954.19
2024-08-12,59374.8,60324.7,54100.0,58953.0,16882.835
2024-08-13,58953.0,60469.8,57406.6,59983.9,7622.401
2024-08-14,59983.9,60300.0,57000.6,58947.0,10068.564
2024-08-15,58863.0,59239.0,56081.8,57089.2,17615.021
2024-08-16,56899.8,59200.0,56100.0,58798.5,5037.279
2024-08-17,58622.2,58799.6,57100.2,58699.4,4566.83
2024-08-18,58559.1,59717.9,58053.0,59087.5,6366.859
2024-08-19,59264.9,59900.0,58000.3,59353.8,5996.305
2024-08-20,59353.8,60300.0,56081.8,58222.0,11439.509
2024-08-21,58205.0,60445.9,57362.8,60041.4,7577.539
2024-08-22,60180.0,62509.0,59150.6,60640.0,17304.971
2024-08-23,60720.0,63499.5,59700.0,62730.0,15706.903
2024-08-24,62971.0,63699.3,62601.0,63698.0,4986.624
2024-08-25,63698.0,64399.5,62546.1,63937.5,7686.884
2024-08-26,63937.5,64399.5,57500.1,62795.0,11905.886
2024-08-27,62795.0,62890.0,57801.0,58404.0,10601.525
2024-08-28,58404.0,61160.0,58000.2,59450.0,10025.717
2024-08-29,59450.0,62484.0,58000.2,59645.1,9977.124
2024-08-30,59780.0,59985.0,58900.1,59120.1,9725.874
2024-08-31,59120.1,60960.0,59100.3,59220.3,6365.727
2024-09-01,59220.3,62600.0,57780.0,58684.6,13262.029
2024-09-02,58635.0,59200.0,57950.0,59150.0,4622.11
2024-09-03,59061.7,60000.0,57500.1,58492.4,6150.181
2024-09-04,58295.2,58499.8,55963.6,57620.4,7600.63
2024-09-05,57620.2,58161.2,56400.0,56875.2,7679.746
2024-09-06,56875.2,57500.0,54341.8,55386.1,14132.31
2024-09-07,55386.1,56492.3,54279.7,55799.8,9630.789
2024-09-08,55799.7,57150.0,53000.0,55777.5,9843.26
2024-09-09,55779.0,58157.9,55210.0,56977.5,18126.477
2024-09-10,56977.5,58252.9,56731.0,57430.0,9060.342
2024-09-11,57430.0,57705.8,56433.7,56800.0,5941.577
2024-09-12,56722.2,57999.9,55500.0,57300.0,14345.918
2024-09-13,57299.8,60368.4,56500.0,60069.1,20176.921
2024-09-14,60069.1,60500.0,59333.2,60096.4,10523.104
2024-09-15,60096.3,60499.9,59081.8,59354.9,6417.672
2024-09-16,59082.8,60909.1,56857.3,57414.8,19399.042
2024-09-17,57414.8,60288.0,57121.0,60000.0,9751.541
2024-09-18,60000.0,60800.0,58130.3,59321.1,14242.705
2024-09-19,59436.0,64444.4,58371.9,63547.1,48549.935
2024-09-20,63628.0,63899.9,62250.2,63277.1,8336.217
2024-09-21,63543.0,63547.1,62444.4,63499.9,4965.072
2024-09-22,63500.0,63500.0,62428.0,63050.1,4134.968
2024-09-23,63135.2,63500.0,62735.5,63000.2,9958.709
2024-09-24,63092.0,64300.0,62912.8,63890.5,6006.255
2024-09-25,64000.0,64411.9,63100.1,63604.6,6118.669
2024-09-26,63452.2,64888.8,58700.0,64499.8,9191.835
2024-09-27,64499.8,65359.3,63715.8,65018.7,5945.527
2024-09-28,65009.4,65357.0,64550.3,64822.5,2856.055
2024-09-29,64937.2,65500.0,64551.8,65000.0,4402.323
2024-09-30,65499.9,65500.0,63200.0,63201.0,11907.738
2024-10-01,63699.9,63699.9,59300.0,59300.0,21755.894
2024-10-02,59300.0,61005.0,58100.1,59925.0,10595.096
2024-10-03,59921.2,60849.8,59600.0,60309.3,4155.561
2024-10-04,60141.0,61999.9,60000.0,61931.9,4915.726
2024-10-05,61936.4,61999.4,61000.9,61779.8,4401.303
2024-10-06,61900.0,62500.0,61281.1,62252.9,4510.749
2024-10-07,62284.9,63999.8,62011.0,62766.0,7333.579
2024-10-08,62766.0,63046.6,61601.0,62646.9,8095.244
2024-10-09,62646.9,62703.0,60062.9,60954.0,8016.182
2024-10-10,60993.7,62271.9,59603.4,60953.8,11003.896
2024-10-11,60902.9,62850.0,60002.9,62548.0,6308.505
2024-10-12,62708.8,62842.3,61956.0,62542.2,4445.977
2024-10-13,62541.5,62973.0,62011.2,62087.1,6976.352
2024-10-14,62087.1,65190.0,59600.0,65048.3,12919.819
2024-10-15,65048.3,66000.0,64108.5,65016.1,7430.206
2024-10-16,65016.1,67315.9,64700.0,66491.6,10226.375
2024-10-17,66164.0,66500.0,64242.0,65945.8,5722.828
2024-10-18,65945.3,69783.5,65600.0,68371.5,9251.054
2024-10-19,68357.7,68545.4,66500.0,67393.5,4822.285
2024-10-20,67500.0,69500.0,64600.0,66800.0,17055.645
2024-10-21,67455.2,68800.0,66000.0,66951.0,4035.157
2024-10-22,67023.2,67760.4,66050.0,67563.1,3540.562
2024-10-23,67563.1,67565.0,64890.0,66282.5,5231.037
2024-10-24,66419.0,67913.5,65318.2,67900.0,4810.34
2024-10-25,67850.0,68300.0,65877.5,66824.0,5252.166
2024-10-26,66732.9,67600.0,65877.5,67388.8,3299.88
2024-10-27,67229.0,79998.0,64108.0,67947.2,19690.884
2024-10-28,67947.2,71935.0,64113.7,69125.0,10227.978
2024-10-29,69249.9,74900.0,69009.6,72800.0,10344.497
2024-10-30,72800.0,73000.0,70602.5,72699.2,3779.488
2024-10-31,72188.3,72732.8,70200.0,71139.8,8976.435
2024-11-01,71139.8,71575.8,69018.3,70108.0,6584.651
2024-11-02,70334.0,70759.1,69009.0,70147.0,3005.115
2024-11-03,70146.9,70147.0,67617.9,68714.0,6640.78
2024-11-04,68714.0,69700.0,67280.0,67721.4,5092.263
2024-11-05,67769.0,70874.0,67203.2,69410.4,4899.381
2024-11-06,69254.0,75999.9,68803.7,74500.0,12224.75
2024-11-07,74500.1,76000.0,72932.0,75890.0,8171.903
2024-11-08,75572.5,75900.0,74875.0,75850.0,4644.572
2024-11-09,75850.0,76000.0,75400.1,75404.2,5445.206
2024-11-10,75998.2,79996.9,75403.5,78850.0,10769.005
2024-11-11,78850.1,98521.0,78500.0,92748.0,13233.357
2024-11-12,92748.0,94799.8,81200.0,89646.3,10079.131
2024-11-13,89646.3,94537.0,87688.1,91697.0,8036.456
2024-11-14,91075.8,135236.0,82437.3,89900.0,11658.473
2024-11-15,89900.1,92000.0,88000.0,90180.2,6290.883
2024-11-16,90240.0,96000.0,88500.0,91700.0,9799.586
2024-11-17,91380.0,119999.8,82505.4,90440.0,11747.924
2024-11-18,90440.0,92100.0,87000.0,91500.0,4446.608
2024-11-19,91256.0,93968.1,90032.0,92179.9,5253.801
2024-11-20,92179.9,96000.0,91426.3,94099.2,4600.375
2024-11-21,94248.0,103332.0,91873.3,100000.9,10171.464
2024-11-22,100000.9,103300.0,99001.2,100705.1,5450.687
2024-11-23,101138.0,101811.4,100000.0,100641.0,2694.747
2024-11-24,100641.1,128716.0,93000.1,98770.0,8745.273
2024-11-25,98516.0,107900.0,96055.0,96055.0,4663.071
2024-11-26,96005.0,101899.0,93100.3,95000.1,9847.899
2024-11-27,95227.9,102790.1,94390.0,99200.0,8698.489
2024-11-28,98746.9,100971.0,95836.3,98717.2,3367.169
2024-11-29,98488.2,99900.0,97600.0,98720.3,1870.799
2024-11-30,98720.3,101500.0,97720.3,100410.1,3905.306
2024-12-01,100371.0,101031.0,96600.1,98339.8,3258.321
2024-12-02,98279.9,98800.0,95100.0,95874.2,5523.092
2024-12-03,95874.2,96799.9,93000.0,94845.3,7425.163
2024-12-04,94795.3,99732.2,94188.2,99402.0,5349.001
2024-12-05,99402.0,111603.0,95000.0,100508.2,13896.307
2024-12-06,100850.0,105891.0,96326.4,102710.1,4082.774
2024-12-07,102665.4,105768.3,98665.8,101386.7,5968.272
2024-12-08,101386.7,103678.9,99000.0,101752.6,3892.927
2024-12-09,101752.6,103199.0,97752.5,98996.5,3390.901
2024-12-10,98215.3,101279.4,95200.0,96039.6,4353.753
2024-12-11,96592.1,104299.8,95808.5,104299.6,3907.474
2024-12-12,104299.5,104299.8,98174.6,101795.2,3207.676
2024-12-13,102466.0,103501.5,98850.0,99730.5,2354.721
2024-12-14,98880.1,109378.1,95069.1,101647.6,10093.178
2024-12-15,101622.4,103997.0,99785.1,102608.9,2622.527
2024-12-16,102608.9,109251.7,99763.3,104059.5,9315.45
2024-12-17,104525.8,107198.0,99764.0,103911.2,3719.832
2024-12-18,103911.2,105951.1,102300.0,102832.0,3306.608
2024-12-19,102832.0,103399.9,99766.2,100102.7,5773.243
2024-12-20,100102.7,101980.0,95120.0,97900.2,7571.045
2024-12-21,98446.3,98889.0,96112.2,97930.5,4220.115
2024-12-22,97999.7,97999.9,96225.0,96977.0,4247.434
2024-12-23,96977.7,97000.0,93333.6,94385.0,6452.667
2024-12-24,94897.1,98438.6,93886.0,97195.5,3936.25
2024-12-25,97388.0,98438.5,95641.0,97154.9,3630.075
2024-12-26,97154.9,98876.0,96356.9,97788.1,4116.453
2024-12-27,97798.1,98799.7,94000.1,94255.8,4315.402
2024-12-28,94255.4,124889.3,87800.0,95999.2,11475.638
2024-12-29,96067.2,97440.0,92500.0,94591.5,3056.058
2024-12-30,94651.9,96788.6,92610.0,95613.4,5396.92
2024-12-31,95613.4,96800.0,92613.0,94331.3,3798.364
2025-01-01,94331.3,96799.1,92717.3,95698.3,2249.691
2025-01-02,95658.3,96999.8,92810.0,96452.3,3139.259
2025-01-03,96452.3,99000.0,94000.0,97805.1,4499.644
2025-01-04,97782.2,98099.8,96200.0,97713.5,2437.528
2025-01-05,97683.4,99900.0,97378.5,98472.0,4001.025
2025-01-06,98472.0,104444.0,98000.0,102219.6,7974.173
2025-01-07,102219.6,102806.6,96400.2,97382.0,5949.777
2025-01-08,97382.1,98663.8,94000.0,96362.3,7472.601
2025-01-09,96362.3,97179.7,92787.0,95116.6,5741.387
2025-01-10,95260.0,98000.0,90145.5,95966.0,9874.68
2025-01-11,95961.1,97000.0,95200.0,95808.0,2328.565
2025-01-12,95808.0,96654.9,94220.0,94965.0,3225.608
2025-01-13,94965.0,96499.0,91500.0,92698.0,6872.53
2025-01-14,93169.8,97500.0,92202.7,96769.4,3820.938
2025-01-15,96726.7,99899.9,95000.2,98754.8,6652.402
2025-01-16,98754.8,99997.0,96701.0,98826.3,3436.336
2025-01-17,98786.8,103999.9,97501.0,103518.0,5693.752
2025-01-18,103517.9,117776.0,95550.3,103398.1,5742.307
2025-01-19,103440.7,120000.0,95000.0,96889.4,5649.063
2025-01-20,96889.4,109688.0,96666.0,102695.2,5264.407
2025-01-21,102715.4,104000.0,97200.0,103037.7,2930.556
2025-01-22,103040.9,103999.8,96885.9,100499.9,3383.829
2025-01-23,100050.4,107839.1,98400.0,103433.4,5776.59
2025-01-24,103000.1,107859.9,101900.0,104500.0,3502.626
2025-01-25,104376.1,107721.7,101310.3,102830.8,3012.286
2025-01-26,102830.8,106458.9,101382.4,105469.1,2972.933
2025-01-27,105571.6,106000.0,98500.0,101499.9,4273.161
2025-01-28,101242.2,104399.9,99500.5,101324.3,3626.636
2025-01-29,101324.3,104400.0,99000.1,103657.4,2969.426
2025-01-30,103668.8,107000.0,100083.9,103800.0,4194.177
2025-01-31,103750.1,106350.0,102222.0,103991.9,2531.969
2025-02-01,103991.9,103997.7,100500.2,101933.0,3638.331
2025-02-02,102000.0,103200.0,98040.1,99139.8,4662.946
2025-02-03,99139.8,107721.6,92040.5,101379.0,6613.432
2025-02-04,101595.4,106999.9,98170.1,100978.7,4218.284
2025-02-05,101059.9,104600.0,98000.1,100499.8,3406.439
2025-02-06,100499.8,104500.0,95500.2,98200.0,3647.635
2025-02-07,98231.5,101579.0,95500.0,97515.1,3526.083
2025-02-08,97022.5,99998.9,95000.0,99389.9,3289.014
2025-02-09,99389.9,99499.9,97258.0,99158.2,3448.725
2025-02-10,99158.2,119252.0,92030.0,102312.0,8618.321
2025-02-11,102080.0,102995.0,97900.0,99000.0,2966.841
2025-02-12,99000.0,101000.0,96400.1,99829.6,3405.005
2025-02-13,99619.0,101000.0,96443.8,98493.7,3981.996
2025-02-14,98493.7,100400.1,96443.8,97441.6,2810.415
2025-02-15,97441.6,99100.0,96443.9,98163.5,2534.59
2025-02-16,98361.0,99000.0,96500.0,98230.3,3155.508
2025-02-17,98230.3,98659.9,96443.8,96873.4,3430.218
2025-02-18,97000.0,97306.4,92035.0,96288.0,6710.411
2025-02-19,96224.0,98300.0,94938.4,96447.2,4561.849
2025-02-20,96447.2,99299.6,95434.1,98339.0,5564.481
2025-02-21,98339.0,102222.0,95600.0,97887.5,6389.057
2025-02-22,97769.9,98300.0,96500.0,97890.0,3646.855
2025-02-23,97888.3,98000.0,95583.9,97209.6,3067.585
2025-02-24,97144.5,97524.0,91608.0,94717.0,7608.399
2025-02-25,94638.5,95261.4,86300.0,89864.2,13516.747
2025-02-26,89640.9,91700.0,86300.0,87000.4,7203.812
2025-02-27,87100.0,89999.8,86900.0,88536.0,4450.778
2025-02-28,88491.2,89699.9,79561.8,84057.2,7733764.335
2025-03-01,84057.2,84195.2,84055.9,84184.1,13872.594
2025-03-02,84191.8,84195.7,84055.9,84156.3,8374.994
2025-03-03,84168.5,122080.3,79413.6,85800.0,11531495.453
2025-03-04,85800.0,88890.9,81457.3,86843.9,7229342.142
2025-03-05,87348.0,120000.0,59180.2,90719.8,14961160.755
2025-03-06,90719.8,114701.0,64911.0,87056.7,2122210.375
2025-03-07,86939.6,104459.9,85505.0,86478.1,5229566.443
2025-03-08,86361.2,86691.1,85578.3,85885.6,8316198.451
2025-03-09,86000.0,86443.5,80283.6,80376.3,9412612.089
2025-03-10,80608.1,85000.0,77506.4,78878.8,9703679.244
2025-03-11,78878.8,83203.1,76771.6,82508.6,10180832.916
2025-03-12,82816.4,83842.7,80772.7,83425.1,9172091.033
2025-03-13,83615.0,83996.8,82422.4,82852.6,4429170.423
2025-03-14,82825.9,99108.8,80668.0,84010.0,10194007.711
2025-03-15,83985.2,84686.8,83706.9,84406.2,10614028.394
2025-03-16,84319.7,84451.3,82067.7,82567.5,11803746.575
2025-03-17,82605.6,84629.2,82522.0,84029.5,12043349.26
2025-03-18,84078.2,84093.1,81241.7,82682.0,8232287.547
2025-03-19,82733.8,86904.1,82625.2,86857.0,8372923.724
2025-03-20,86802.4,87319.9,83734.1,84194.0,8822824.488
2025-03-21,84194.0,84811.8,83294.3,84031.6,9961511.038
2025-03-22,84102.6,84506.5,83727.4,83790.1,10179210.037
2025-03-23,83806.8,85890.3,83759.4,85694.1,10546070.837
2025-03-24,85694.1,88681.5,85568.3,87323.9,11505915.592
2025-03-25,87369.4,88462.7,86367.7,87386.9,11624084.678
2025-03-26,87390.6,88266.3,85940.9,86941.6,11458717.453
2025-03-27,86941.6,114990.0,85994.1,87213.1,12376154.143
2025-03-28,87287.8,97010.0,58995.3,84397.7,11168089.699
2025-03-29,84429.1,84619.3,81768.2,82646.2,11436685.874
2025-03-30,82646.2,89999.9,81743.1,82369.8,11339769.639
2025-03-31,82307.2,107999.0,57452.9,82569.3,11356937.654
2025-04-01,82532.4,100000.0,81000.0,85124.8,3886621.342
2025-04-02,85124.2,92000.0,81284.8,82492.1,588640.238
2025-04-03,82492.0,90861.4,81290.6,83137.0,89774.056
2025-04-04,83134.1,90861.4,80000.0,83846.3,150634.983
2025-04-05,83846.3,90910.0,80952.0,83519.5,64147.088
2025-04-06,83519.5,86687.7,76937.8,78369.4,200586.03
2025-04-07,78369.4,85929.5,73473.5,79147.9,273074.421
2025-04-08,79149.5,81500.0,76246.0,76295.1,181445.541
2025-04-09,76296.0,83500.0,72000.0,82580.1,296978.74
2025-04-10,82580.1,82998.3,77866.0,79837.8,202336.235
2025-04-11,79837.8,84500.0,79819.1,83255.5,179847.258
2025-04-12,83256.3,85488.0,82457.0,85255.1,99919.924
2025-04-13,85255.3,85898.7,83050.0,83696.4,123972.042
2025-04-14,83693.5,85921.4,83680.3,84544.6,64929.7
2025-04-15,84544.5,86566.9,80970.2,83617.4,229263.738
2025-04-16,83617.7,95940.4,68000.0,83988.2,714313.439
2025-04-17,83990.0,85399.9,83726.6,84905.7,61676.199
2025-04-18,84905.7,85036.8,84000.0,84427.5,52855.643
2025-04-19,84442.6,87828.0,84327.1,85031.7,100588.437
2025-04-20,85031.7,85358.7,83333.3,85141.3,34471.723
2025-04-21,85141.3,89999.0,77705.3,87472.9,105003.067
2025-04-22,87472.9,94092.2,87059.0,93382.5,110382.291
2025-04-23,93382.5,96000.0,91944.1,93644.9,88008.712
2025-04-24,93643.9,138189.8,46499.4,93930.0,303845.447
2025-04-25,93930.0,95646.1,92926.0,94724.3,64049.759
2025-04-26,94733.0,95600.0,93840.0,94622.6,42054.962
2025-04-27,94622.6,95283.1,93600.6,93742.8,34053.74
2025-04-28,93742.8,95500.0,93259.9,94953.7,52762.074
2025-04-29,94953.7,95600.0,93311.1,94209.1,58423.595
2025-04-30,94209.2,95480.0,93000.0,94150.0,77521.674
2025-05-01,94150.0,97517.3,94051.3,96432.0,70033.811
2025-05-02,96432.0,97800.0,94000.0,96831.2,53620.507
2025-05-03,96831.1,96929.2,95599.4,95840.3,36418.48
2025-05-04,95840.3,96500.0,93612.1,94315.1,108886.386
2025-05-05,94315.1,98100.0,93530.8,94689.5,71056.996
2025-05-06,94689.4,96970.0,93292.4,96794.5,51497.369
2025-05-07,96794.5,97586.6,95820.0,96983.5,45613.442
2025-05-08,96988.4,103790.0,96846.3,103168.2,140430.167
2025-05-09,103168.2,104200.0,102343.8,102941.8,57645.937
2025-05-10,102941.9,104900.0,102805.4,104775.1,31951.241
2025-05-11,104775.1,104970.0,103201.9,104093.3,47024.647
2025-05-12,104093.3,109000.0,98820.0,102866.1,84119.063
2025-05-13,102884.4,105450.0,101500.0,104092.5,46537.716
2025-05-14,104092.5,104269.8,102593.0,103482.8,34206.13
2025-05-15,103458.1,111111.0,101309.8,103706.1,50138.845
2025-05-16,103725.9,104596.1,2593.71,103424.2,37212.619
2025-05-17,103424.2,103771.7,102500.0,103055.5,36596.502
2025-05-18,103079.5,106612.2,103006.7,106455.9,44365.196
2025-05-19,106456.0,109999.0,102100.0,105532.9,60581.44
2025-05-20,105534.0,107327.7,104111.6,106775.1,49611.444
2025-05-21,106775.7,110590.1,105566.5,109609.0,98876.032
2025-05-22,109608.3,112666.0,109283.6,111686.4,64726.044
2025-05-23,111671.7,113671.1,105034.7,107267.0,70766.718
2025-05-24,107267.0,111000.8,106875.6,107694.9,22633.339
2025-05-25,107698.9,109268.4,106633.3,108956.6,20018.354
2025-05-26,108956.6,110337.2,108639.3,109405.3,24345.873
2025-05-27,109403.2,113000.0,107502.7,108944.6,22743.199
2025-05-28,108947.6,109220.0,106757.2,107717.7,23588.294
2025-05-29,107717.6,108874.3,105366.2,105548.9,41828.117
2025-05-30,105548.2,107719.3,103558.2,103933.7,40159.395
2025-05-31,103933.6,108200.0,103059.0,104544.7,26156.16
2025-06-01,104545.3,105799.5,103654.6,105576.8,38196.671
2025-06-02,105576.8,105924.2,103647.0,105808.5,27130.598
2025-06-03,105803.8,106763.9,103806.6,105330.1,45267.501
2025-06-04,105330.0,105936.7,104220.0,104712.2,30954.47
2025-06-05,104700.1,105900.0,100350.9,101562.5,72659.953
2025-06-06,101562.5,105401.5,97000.0,104239.8,57667.931
2025-06-07,104239.8,106008.9,103816.2,105620.2,15999.083
2025-06-08,105620.2,107000.0,104943.6,105684.6,20168.512
2025-06-09,105680.9,110360.6,105391.0,110218.9,42083.655
2025-06-10,110218.8,110315.2,108361.6,110242.3,22544.966
2025-06-11,110242.3,110454.1,108061.4,108613.4,33226.778
2025-06-12,108615.6,108827.9,105700.0,105700.0,70943.887
2025-06-13,105713.2,106940.1,102761.8,106031.0,70706.384
2025-06-14,106031.1,106169.6,102100.1,105359.8,24095.638
2025-06-15,105359.8,106080.9,104443.6,105530.7,20057.754
2025-06-16,105530.7,108890.9,104970.0,106664.8,56125.351
2025-06-17,106664.8,112884.6,104022.2,104502.5,27935.342
2025-06-18,104125.1,119999.0,103405.9,104821.2,88979.833
2025-06-19,104819.6,105743.0,103854.1,104612.8,28759.321
2025-06-20,104612.9,106552.6,102275.6,103300.0,55760.977
2025-06-21,103308.3,103985.9,100577.8,102073.1,58676.029
2025-06-22,102073.1,104450.0,98159.0,100915.5,62462.142
2025-06-23,100915.4,105981.9,99643.0,105291.3,106778.474
2025-06-24,105291.3,110000.0,104480.2,106026.6,49730.126
2025-06-25,106026.6,108164.8,105770.7,107287.1,45396.289
2025-06-26,107288.3,108260.0,106600.8,106889.1,26289.034
2025-06-27,106889.1,107663.3,106365.6,106984.4,29162.258
2025-06-28,106984.4,107600.0,106900.0,107241.0,15942.281
2025-06-29,107241.0,108582.8,107100.8,108309.8,34670.756
2025-06-30,108309.8,108743.9,106700.0,107102.0,33396.936
2025-07-01,107099.3,107551.7,105201.0,105637.2,43791.516
2025-07-02,105637.1,109625.7,105121.0,108800.1,51896.366
2025-07-03,108801.2,110480.0,108387.2,109550.2,27359.671
2025-07-04,109550.2,109804.6,107075.1,107939.7,35436.553
2025-07-05,107935.3,108360.2,107666.9,108153.3,7185.932
2025-07-06,108153.4,110000.0,107365.7,109165.4,22605.248
2025-07-07,109170.6,109632.2,107446.1,108223.0,16271.3
2025-07-08,108223.0,108620.1,107720.1,108610.2,16753.835
2025-07-09,108620.0,111200.0,107550.1,111103.6,20584.715
2025-07-10,111103.6,123456.7,107550.1,115952.3,66603.766
2025-07-11,115952.3,121400.0,113363.4,117500.0,40404.334
2025-07-12,117499.7,119888.0,116200.0,117381.5,17600.344
2025-07-13,117381.0,123400.0,116900.0,118799.9,21982.671
2025-07-14,118799.8,122000.0,113455.8,119749.9,45153.654
2025-07-15,119737.3,122399.0,116000.0,117759.6,32057.171
2025-07-16,117772.2,176420.2,116000.0,119502.9,62140.528
2025-07-17,119344.9,134444.0,116000.0,120319.0,23866.852
2025-07-18,120338.4,127377.0,116851.0,117974.9,16555.772
2025-07-19,117963.0,123690.0,117550.0,117858.7,21003.617
2025-07-20,117881.2,121525.0,117000.0,117500.1,11344.226
2025-07-21,117664.2,126444.0,110000.0,117330.3,33715.921
2025-07-22,117330.3,126444.0,116081.9,119979.6,61800.109
2025-07-23,119979.6,120120.0,117000.0,118699.9,26612.319
2025-07-24,118699.9,154591.0,117098.4,118337.4,40766.718
2025-07-25,118337.4,118599.9,114500.0,117799.8,33532.201
2025-07-26,117799.8,118999.0,116350.0,117952.9,15084.176
2025-07-27,117952.8,122222.0,117490.0,119001.1,23381.816
2025-07-28,119001.2,119924.4,117150.1,117765.0,22808.008
2025-07-29,117765.0,119500.9,116332.1,118000.1,13556.526
2025-07-30,117863.1,118733.1,111200.0,117792.2,43364.59
2025-07-31,117793.0,118888.0,111200.0,115954.8,44396.591
2025-08-01,115750.0,116999.9,111250.0,113477.5,31357.668
2025-08-02,113307.1,115000.0,110000.0,112502.0,16378.631
2025-08-03,112502.0,115000.0,111300.0,114400.0,12630.046
2025-08-04,114400.0,115900.0,111111.1,114982.7,10384.099
2025-08-05,114999.9,115350.0,112000.0,114182.4,9527.987
2025-08-06,114182.4,118218.2,109817.0,115028.1,25128.717
2025-08-07,115033.0,120000.0,114000.0,115351.1,25494.199
2025-08-08,115351.1,121000.0,93000.0,116621.3,120585.352
2025-08-09,116621.3,120999.8,115382.3,116515.2,16248.525
2025-08-10,116515.4,119900.0,115611.0,119531.0,14713.206
2025-08-11,119453.7,134437.7,117199.7,118607.0,33973.921
2025-08-12,118643.3,123000.0,118300.0,120191.9,15318.93
2025-08-13,120176.4,123900.0,115500.0,123265.7,27151.202
2025-08-14,123265.7,168799.8,90000.0,118565.3,97357.306
2025-08-15,118565.3,120018.5,97000.0,117498.5,45860.975
2025-08-16,117498.5,118492.5,116300.0,117297.4,14492.634
2025-08-17,117297.4,118888.0,116850.5,117431.3,13212.267
2025-08-18,117431.3,121000.0,114420.8,116200.9,16288.472
2025-08-19,116200.9,117610.9,112100.1,113026.9,17078.477
2025-08-20,112781.0,117000.0,100004.0,114275.7,25667.631
2025-08-21,114275.7,120899.0,110000.0,112557.0,14693.07
2025-08-22,112557.0,118000.0,110000.0,116882.3,36691.884
2025-08-23,116882.4,117500.0,114501.0,115386.0,15667.196
2025-08-24,115386.0,117220.0,109820.0,113311.2,22388.243
2025-08-25,113311.2,113807.2,103888.0,110399.3,34888.853
2025-08-26,110200.6,138500.1,104193.0,111709.9,27987.375
2025-08-27,111709.9,121500.0,110270.0,111136.7,62986.476
2025-08-28,111136.7,140762.7,110600.7,112500.0,60538.695
2025-08-29,112507.2,112631.2,107488.1,108317.8,56644.931
2025-08-30,108371.9,110547.0,107100.0,108758.0,24983.917
2025-08-31,108758.0,109712.9,107973.3,108208.4,8961.535
2025-09-01,108208.4,110500.0,106000.0,109220.6,41297.24
2025-09-02,109221.3,111763.7,108000.0,110660.1,34574.951
2025-09-03,110945.0,112489.4,110445.5,111681.0,7960.902
2025-09-04,111681.0,112194.0,108542.9,110647.0,3803.483
2025-09-05,110625.9,120000.0,110218.8,110614.9,14164.466
2025-09-06,110598.8,111390.0,109920.3,110135.2,2786.625
2025-09-07,110132.6,111750.0,109928.6,111112.2,3994.516
2025-09-08,111115.4,113077.9,110466.4,112027.4,4014.693
2025-09-09,112072.6,113588.0,110524.0,111499.9,7010.58
2025-09-10,111499.9,114555.0,110975.0,113903.8,8674.409
2025-09-11,113896.7,134999.0,105000.0,115439.0,168554.872
2025-09-12,115439.0,116888.0,113500.0,115980.2,9320.544
2025-09-13,116040.0,116864.0,115014.5,115862.7,7617.856
2025-09-14,115862.7,116370.0,114937.2,115169.2,22132.013
2025-09-15,115168.7,131611.0,114196.5,115636.6,48370.581
2025-09-16,115436.5,116993.7,114800.0,116747.3,19241.157
2025-09-17,116747.3,117594.5,114635.1,116300.0,316804.705
2025-09-18,116300.0,117959.8,116015.4,117017.1,291176.62
2025-09-19,117023.0,117610.0,114780.0,115569.5,137158.809
2025-09-20,115569.6,116059.3,115266.5,115665.5,457358.595
2025-09-21,115665.5,116016.6,115137.6,115199.1,54917.373
2025-09-22,115232.8,115999.7,107654.0,112604.8,125888.631
2025-09-23,112604.7,113852.0,111297.8,111947.0,849980.578
2025-09-24,111947.0,114000.0,111052.9,113253.9,899869.213
2025-09-25,113253.9,114000.0,108574.0,108955.9,1418086.612
2025-09-26,108947.0,110440.5,108610.0,109601.3,348032.622
2025-09-27,109601.3,110050.0,109074.7,109577.3,6525.843
2025-09-28,109577.3,112900.0,109130.1,112088.4,14479.523
2025-09-29,112088.4,115890.2,110315.0,114278.7,105707.026
2025-09-30,114278.7,114799.8,112600.0,113984.9,361509.131
2025-10-01,113984.9,118592.1,113913.2,118512.8,293462.711
2025-10-02,118517.1,120977.1,105000.0,120471.5,2358224.376
2025-10-03,120469.5,123854.6,119231.7,122151.0,973590.285
2025-10-04,122151.0,122730.1,121500.0,122297.5,235950.888
2025-10-05,122297.5,125738.4,122106.1,123426.7,669135.986
2025-10-06,123438.4,126136.5,123089.3,124657.6,723064.146
2025-10-07,124657.6,125055.1,120545.8,121305.0,743036.774
2025-10-08,121317.4,126000.0,121038.0,123237.4,816143.687
2025-10-09,123237.5,123693.2,119594.4,121592.4,774332.277
2025-10-10,121593.2,122430.5,100646.5,112755.3,1491072.167
2025-10-11,112764.7,113261.3,109561.9,110579.1,1534257.066
2025-10-12,110579.1,115664.9,109546.6,114894.4,1373807.595
2025-10-13,114892.1,115799.9,113699.5,115099.8,1136251.268
2025-10-14,115099.8,115339.4,109902.6,112981.4,1424713.084
2025-10-15,112981.4,113560.5,110137.5,110689.9,1224120.573
2025-10-16,110649.1,111929.4,107394.2,108140.0,1356961.035
2025-10-17,108140.0,109157.9,103514.8,106378.5,1522126.399
2025-10-18,106382.4,107403.1,106308.2,107139.2,531337.866
2025-10-19,107139.3,113500.5,106094.7,108557.5,197257.997
2025-10-20,108480.3,112000.0,107445.5,110470.0,744901.077
2025-10-21,110494.1,113917.8,107444.3,108304.0,930456.931
2025-10-22,108342.3,109052.0,106668.3,107549.9,1204037.488
2025-10-23,107549.9,111219.2,107484.6,110020.0,978304.208
2025-10-24,110020.0,111997.7,109719.9,110965.3,866583.979
2025-10-25,110957.7,111868.1,110669.6,111559.5,314707.49
2025-10-26,111559.5,115480.0,100101.0,114482.2,527420.423
2025-10-27,114469.6,116314.6,113877.0,114123.4,660313.256
2025-10-28,114102.4,116039.9,112121.5,112841.6,803028.09
2025-10-29,112841.6,113567.4,109399.8,109985.7,807866.908
2025-10-30,110003.4,111517.6,105555.0,108258.6,848240.603
2025-10-31,108258.6,111073.7,108250.8,109557.3,947962.342
2025-11-01,109557.4,110484.7,109376.6,110047.3,349252.627
2025-11-02,110047.3,111189.4,109492.0,110511.0,449999.973
2025-11-03,110506.7,110689.3,105000.0,106596.7,1085811.666
2025-11-04,106517.7,109300.5,98937.2,101450.8,1933309.213
2025-11-05,101450.8,109999.9,98960.1,103837.0,1601428.185
2025-11-06,103818.6,104530.0,100299.4,101339.9,1785193.887
2025-11-07,101276.1,108500.0,99265.2,103291.7,1759877.773
2025-11-08,103291.6,104000.0,101443.3,102269.2,794542.439
2025-11-09,102243.4,105396.6,101442.9,104670.6,952903.504
2025-11-10,104687.3,106615.6,104245.3,105966.2,970532.469
2025-11-11,105955.8,133199.0,102444.1,103010.1,1367974.915
2025-11-12,103044.8,105500.0,100851.0,101615.4,1194890.11
2025-11-13,101615.5,106937.1,98000.6,99695.5,1762358.735
2025-11-14,99744.9,100999.0,94073.1,94532.4,2413688.57
2025-11-15,94512.1,97000.0,94512.1,95553.6,1159871.888
2025-11-16,95553.6,125341.6,89800.0,94222.0,1296230.313
2025-11-17,94234.9,96500.0,89800.0,92166.4,1914848.53
2025-11-18,92166.4,94321.0,89300.0,92917.1,1933848.458
2025-11-19,92934.1,93300.0,88600.0,91513.7,1938008.071
2025-11-20,91513.7,116489.7,85200.0,86573.2,2147631.759
2025-11-21,86572.6,100000.0,80500.0,85119.5,2351121.979
2025-11-22,85106.8,109297.8,80500.0,84683.5,1725109.36
2025-11-23,84683.5,90000.0,81500.0,86796.2,1850762.281
2025-11-24,86797.2,89160.0,85103.5,88263.6,1788634.131
2025-11-25,88265.5,105000.0,80500.0,87311.1,1365954.994
2025-11-26,87324.1,95000.0,82000.0,90473.8,1054308.135
2025-11-27,90451.9,97000.0,82500.0,91290.4,873102.649
2025-11-28,91290.4,92891.6,86000.0,90848.0,1000063.13
2025-11-29,90848.0,91103.4,90163.1,90764.9,587819.187
2025-11-30,90765.0,91905.4,90333.5,90333.9,696545.944
2025-12-01,90333.9,90392.9,83872.1,86274.4,1691382.739
2025-12-02,86278.5,92207.7,82000.0,91273.0,1083577.434
2025-12-03,91273.0,93961.7,90992.9,93389.7,1044925.782
2025-12-04,93391.0,93989.0,90921.6,92079.9,993897.853
2025-12-05,92070.0,92630.1,86200.0,89290.6,1060776.9
2025-12-06,89290.6,90230.0,88912.1,89179.3,554127.889
2025-12-07,89205.9,91651.9,87728.3,90345.4,1129711.907
2025-12-08,90376.1,92500.0,89005.0,90595.7,1501858.373
2025-12-09,90594.7,95500.0,89213.0,92638.4,1303003.831
2025-12-10,92637.8,95500.0,90000.0,91960.4,1290443.649
2025-12-11,91960.7,95000.6,89213.0,92436.9,1952282.793
2025-12-12,92294.2,93000.0,89482.8,90228.6,1924066.073
2025-12-13,90228.7,92200.0,89761.6,90197.0,677648.32
2025-12-14,90197.0,91200.0,86000.0,88100.2,1528396.935
2025-12-15,88101.1,90999.0,80600.0,86391.0,2562799.848
2025-12-16,86391.1,89000.0,85206.5,87824.3,3510862.096
2025-12-17,87810.4,90233.9,85274.2,86139.7,4163531.757
2025-12-18,86137.8,89378.2,81234.0,85800.0,2619878.871
2025-12-19,86461.2,89317.0,85000.0,88100.1,3991538.864
2025-12-20,88100.0,88539.0,87820.2,88338.0,2526960.537
2025-12-21,88338.0,89000.0,87522.6,88595.9,3116571.785
2025-12-22,88595.9,90480.0,87888.8,88502.4,4450968.309
2025-12-23,88497.3,88894.5,86526.9,87440.0,4106105.467
2025-12-24,87438.1,90329.9,86200.0,87627.1,3572209.714
2025-12-25,87627.1,88503.6,86930.6,87214.5,2781981.791
2025-12-26,87214.5,90000.0,86653.2,87327.0,3986743.442
2025-12-27,87326.9,87898.5,86573.7,87823.1,1757206.711
2025-12-28,87823.1,88058.0,87000.0,87879.9,2280140.709
2025-12-29,87879.9,90329.9,85555.0,87214.0,3980679.64
2025-12-30,87214.0,89296.2,86666.0,88472.1,3398125.267
2025-12-31,88472.1,90338.1,87250.0,87608.4,2693519.265
2026-01-01,87608.4,88878.1,87000.0,88804.7,2053702.403
2026-01-02,88804.7,90893.1,87000.0,89951.4,4402957.114
2026-01-03,89951.4,92345.0,89153.7,90595.8,2687159.101
2026-01-04,90655.3,91750.0,87400.0,91490.9,3017165.038
2026-01-05,91490.9,94850.0,88025.0,93822.4,4091431.133
2026-01-06,93822.4,94500.0,91100.0,93708.1,4313151.396
2026-01-07,93725.0,118244.8,85122.4,91000.0,832320.872
2026-01-08,91328.1,105000.0,88000.0,91060.3,1693013.137
2026-01-09,91061.5,91949.4,89686.2,90583.6,3741292.026
2026-01-10,90583.6,90902.0,89832.6,90469.7,2092205.125
2026-01-11,90470.1,91300.0,90200.0,90930.7,1668668.866
2026-01-12,90913.5,92500.0,90117.3,91252.5,4301008.364
2026-01-13,91252.6,96569.1,91036.9,95369.7,4288446.827
2026-01-14,95363.1,97888.0,93076.4,96908.0,4518157.393
2026-01-15,96891.3,97200.0,95080.1,95561.0,4365198.972
2026-01-16,95543.6,95770.1,95000.0,95601.6,941980.145
